[debug] [2026-06-16T22:20:20.391Z] ----------------------------------------------------------------------
[debug] [2026-06-16T22:20:20.393Z] Command:       C:\Program Files\nodejs\node.exe C:\Users\João Damas\AppData\Roaming\npm\node_modules\firebase-tools\lib\bin\firebase.js deploy --only functions --force
[debug] [2026-06-16T22:20:20.393Z] CLI Version:   15.9.1
[debug] [2026-06-16T22:20:20.393Z] Platform:      win32
[debug] [2026-06-16T22:20:20.394Z] Node Version:  v24.12.0
[debug] [2026-06-16T22:20:20.394Z] Time:          Tue Jun 16 2026 19:20:20 GMT-0300 (Horário Padrão de Brasília)
[debug] [2026-06-16T22:20:20.394Z] ----------------------------------------------------------------------
[debug] 
[debug] [2026-06-16T22:20:21.436Z] > command requires scopes: ["email","openid","https://www.googleapis.com/auth/cloudplatformprojects.readonly","https://www.googleapis.com/auth/firebase","https://www.googleapis.com/auth/cloud-platform"]
[debug] [2026-06-16T22:20:21.436Z] > authorizing via signed-in user (joaodamasit@gmail.com)
[debug] [2026-06-16T22:20:21.436Z] [iam] checking project synapse-cs for permissions ["cloudfunctions.functions.create","cloudfunctions.functions.delete","cloudfunctions.functions.get","cloudfunctions.functions.list","cloudfunctions.functions.update","cloudfunctions.operations.get","firebase.projects.get"]
[debug] [2026-06-16T22:20:21.437Z] Checked if tokens are valid: true, expires at: 1781649859103
[debug] [2026-06-16T22:20:21.437Z] Checked if tokens are valid: true, expires at: 1781649859103
[debug] [2026-06-16T22:20:21.438Z] >>> [apiv2][query] POST https://cloudresourcemanager.googleapis.com/v1/projects/synapse-cs:testIamPermissions [none]
[debug] [2026-06-16T22:20:21.438Z] >>> [apiv2][(partial)header] POST https://cloudresourcemanager.googleapis.com/v1/projects/synapse-cs:testIamPermissions  x-goog-user-project=synapse-cs
[debug] [2026-06-16T22:20:21.438Z] >>> [apiv2][body] POST https://cloudresourcemanager.googleapis.com/v1/projects/synapse-cs:testIamPermissions {"permissions":["cloudfunctions.functions.create","cloudfunctions.functions.delete","cloudfunctions.functions.get","cloudfunctions.functions.list","cloudfunctions.functions.update","cloudfunctions.operations.get","firebase.projects.get"]}
[debug] [2026-06-16T22:20:22.299Z] <<< [apiv2][status] POST https://cloudresourcemanager.googleapis.com/v1/projects/synapse-cs:testIamPermissions 200
[debug] [2026-06-16T22:20:22.299Z] <<< [apiv2][body] POST https://cloudresourcemanager.googleapis.com/v1/projects/synapse-cs:testIamPermissions {"permissions":["cloudfunctions.functions.create","cloudfunctions.functions.delete","cloudfunctions.functions.get","cloudfunctions.functions.list","cloudfunctions.functions.update","cloudfunctions.operations.get","firebase.projects.get"]}
[debug] [2026-06-16T22:20:22.299Z] Checked if tokens are valid: true, expires at: 1781649859103
[debug] [2026-06-16T22:20:22.299Z] Checked if tokens are valid: true, expires at: 1781649859103
[debug] [2026-06-16T22:20:22.299Z] >>> [apiv2][query] POST https://iam.googleapis.com/v1/projects/synapse-cs/serviceAccounts/synapse-cs@appspot.gserviceaccount.com:testIamPermissions [none]
[debug] [2026-06-16T22:20:22.299Z] >>> [apiv2][body] POST https://iam.googleapis.com/v1/projects/synapse-cs/serviceAccounts/synapse-cs@appspot.gserviceaccount.com:testIamPermissions {"permissions":["iam.serviceAccounts.actAs"]}
[debug] [2026-06-16T22:20:22.736Z] <<< [apiv2][status] POST https://iam.googleapis.com/v1/projects/synapse-cs/serviceAccounts/synapse-cs@appspot.gserviceaccount.com:testIamPermissions 200
[debug] [2026-06-16T22:20:22.736Z] <<< [apiv2][body] POST https://iam.googleapis.com/v1/projects/synapse-cs/serviceAccounts/synapse-cs@appspot.gserviceaccount.com:testIamPermissions {"permissions":["iam.serviceAccounts.actAs"]}
[info] 
[info] === Deploying to 'synapse-cs'...
[info] 
[info] i  deploying functions 
[debug] [2026-06-16T22:20:22.738Z] Checked if tokens are valid: true, expires at: 1781649859103
[debug] [2026-06-16T22:20:22.738Z] Checked if tokens are valid: true, expires at: 1781649859103
[debug] [2026-06-16T22:20:22.738Z] >>> [apiv2][query] GET https://cloudresourcemanager.googleapis.com/v1/projects/synapse-cs [none]
[debug] [2026-06-16T22:20:22.942Z] <<< [apiv2][status] GET https://cloudresourcemanager.googleapis.com/v1/projects/synapse-cs 200
[debug] [2026-06-16T22:20:22.942Z] <<< [apiv2][body] GET https://cloudresourcemanager.googleapis.com/v1/projects/synapse-cs {"projectNumber":"847687663798","projectId":"synapse-cs","lifecycleState":"ACTIVE","name":"synapseCS","labels":{"firebase":"enabled","firebase-core":"disabled"},"createTime":"2026-01-13T16:38:25.896286Z"}
[info] i  functions: preparing codebase default for deployment 
[info] i  functions: ensuring required API cloudfunctions.googleapis.com is enabled... 
[info] i  functions: ensuring required API cloudbuild.googleapis.com is enabled... 
[info] i  artifactregistry: ensuring required API artifactregistry.googleapis.com is enabled... 
[debug] [2026-06-16T22:20:22.944Z] Checked if tokens are valid: true, expires at: 1781649859103
[debug] [2026-06-16T22:20:22.944Z] Checked if tokens are valid: true, expires at: 1781649859103
[debug] [2026-06-16T22:20:22.944Z] >>> [apiv2][query] GET https://firebase.googleapis.com/v1beta1/projects/synapse-cs/adminSdkConfig [none]
[debug] [2026-06-16T22:20:23.473Z] <<< [apiv2][status] GET https://firebase.googleapis.com/v1beta1/projects/synapse-cs/adminSdkConfig 200
[debug] [2026-06-16T22:20:23.473Z] <<< [apiv2][body] GET https://firebase.googleapis.com/v1beta1/projects/synapse-cs/adminSdkConfig {"projectId":"synapse-cs","storageBucket":"synapse-cs.firebasestorage.app"}
[debug] [2026-06-16T22:20:23.473Z] Checked if tokens are valid: true, expires at: 1781649859103
[debug] [2026-06-16T22:20:23.473Z] Checked if tokens are valid: true, expires at: 1781649859103
[debug] [2026-06-16T22:20:23.473Z] >>> [apiv2][query] GET https://runtimeconfig.googleapis.com/v1beta1/projects/synapse-cs/configs [none]
[debug] [2026-06-16T22:20:23.898Z] <<< [apiv2][status] GET https://runtimeconfig.googleapis.com/v1beta1/projects/synapse-cs/configs 200
[debug] [2026-06-16T22:20:23.898Z] <<< [apiv2][body] GET https://runtimeconfig.googleapis.com/v1beta1/projects/synapse-cs/configs {}
[debug] [2026-06-16T22:20:23.899Z] Validating nodejs source
[warn] !  functions: Runtime Node.js 20 was deprecated on 2026-04-30 and will be decommissioned on 2026-10-30, after which you will not be able to deploy without upgrading. Consider upgrading now to avoid disruption. See https://cloud.google.com/functions/docs/runtime-support for full details on the lifecycle policy 
[warn] !  functions: package.json indicates an outdated version of firebase-functions. Please upgrade using npm install --save firebase-functions@latest in your functions directory. 
[warn] !  functions: Please note that there will be breaking changes when you upgrade. 
[debug] [2026-06-16T22:20:24.424Z] > [functions] package.json contents: {
  "name": "synapsecs-functions",
  "scripts": {
    "build": "tsc",
    "watch": "tsc --watch",
    "serve": "npm run build && firebase emulators:start --only functions",
    "deploy": "firebase deploy --only functions"
  },
  "engines": {
    "node": "20"
  },
  "main": "lib/index.js",
  "dependencies": {
    "firebase-admin": "^12.0.0",
    "firebase-functions": "^4.6.0",
    "node-fetch": "^3.3.2"
  },
  "devDependencies": {
    "@types/node": "^20.0.0",
    "typescript": "^5.5.0"
  },
  "private": true
}
[debug] [2026-06-16T22:20:24.424Z] Building nodejs source
[info] i  functions: Loading and analyzing source code for codebase default to determine what to deploy 
[info] i  functions: You are using a version of firebase-functions SDK (4.9.0) that does not have support for the newest Firebase Extensions features. Please update firebase-functions SDK to >=5.1.0 to use them correctly 
[debug] [2026-06-16T22:20:24.425Z] Could not find functions.yaml. Must use http discovery
[debug] [2026-06-16T22:20:24.433Z] Found firebase-functions binary at 'C:\Users\João Damas\Documents\JPHub\SynapseCS\functions\node_modules\.bin\firebase-functions'
[info] Serving at port 8232

[debug] [2026-06-16T22:20:24.799Z] Got response from /__/functions.yaml {"endpoints":{"steamLogin":{"availableMemoryMb":null,"timeoutSeconds":null,"minInstances":null,"maxInstances":null,"ingressSettings":null,"concurrency":null,"serviceAccountEmail":null,"vpc":null,"platform":"gcfv2","secretEnvironmentVariables":[{"key":"STEAM_API_KEY"}],"labels":{},"httpsTrigger":{},"entryPoint":"steamLogin"},"faceitStats":{"availableMemoryMb":null,"timeoutSeconds":null,"minInstances":null,"maxInstances":null,"ingressSettings":null,"concurrency":null,"serviceAccountEmail":null,"vpc":null,"platform":"gcfv2","labels":{},"httpsTrigger":{},"entryPoint":"faceitStats"},"faceitHistory":{"availableMemoryMb":null,"timeoutSeconds":null,"minInstances":null,"maxInstances":null,"ingressSettings":null,"concurrency":null,"serviceAccountEmail":null,"vpc":null,"platform":"gcfv2","labels":{},"httpsTrigger":{},"entryPoint":"faceitHistory"},"syncLevels":{"availableMemoryMb":null,"timeoutSeconds":null,"minInstances":null,"maxInstances":null,"ingressSettings":null,"concurrency":null,"serviceAccountEmail":null,"vpc":null,"platform":"gcfv2","labels":{},"httpsTrigger":{},"entryPoint":"syncLevels"},"receiveMatchStats":{"availableMemoryMb":null,"timeoutSeconds":null,"minInstances":null,"maxInstances":null,"ingressSettings":null,"concurrency":null,"serviceAccountEmail":null,"vpc":null,"platform":"gcfv2","secretEnvironmentVariables":[{"key":"SYNAPSE_SERVER_SECRET"}],"labels":{},"httpsTrigger":{},"entryPoint":"receiveMatchStats"},"updateMixScore":{"availableMemoryMb":null,"timeoutSeconds":null,"minInstances":null,"maxInstances":null,"ingressSettings":null,"concurrency":null,"serviceAccountEmail":null,"vpc":null,"platform":"gcfv2","labels":{},"httpsTrigger":{},"entryPoint":"updateMixScore"}},"specVersion":"v1alpha1","requiredAPIs":[],"params":[{"type":"secret","name":"STEAM_API_KEY"},{"type":"secret","name":"SYNAPSE_SERVER_SECRET"}]}
[debug] [2026-06-16T22:20:28.823Z] Checked if tokens are valid: true, expires at: 1781649859103
[debug] [2026-06-16T22:20:28.823Z] Checked if tokens are valid: true, expires at: 1781649859103
[debug] [2026-06-16T22:20:28.823Z] >>> [apiv2][query] GET https://secretmanager.googleapis.com/v1/projects/synapse-cs/secrets/STEAM_API_KEY [none]
[debug] [2026-06-16T22:20:29.544Z] <<< [apiv2][status] GET https://secretmanager.googleapis.com/v1/projects/synapse-cs/secrets/STEAM_API_KEY 200
[debug] [2026-06-16T22:20:29.544Z] <<< [apiv2][body] GET https://secretmanager.googleapis.com/v1/projects/synapse-cs/secrets/STEAM_API_KEY {"name":"projects/847687663798/secrets/STEAM_API_KEY","replication":{"automatic":{}},"createTime":"2026-06-16T22:18:34.295085Z","labels":{"firebase-managed":"functions"},"etag":"\"16546652ec606d\""}
[debug] [2026-06-16T22:20:29.545Z] Checked if tokens are valid: true, expires at: 1781649859103
[debug] [2026-06-16T22:20:29.545Z] Checked if tokens are valid: true, expires at: 1781649859103
[debug] [2026-06-16T22:20:29.545Z] >>> [apiv2][query] GET https://secretmanager.googleapis.com/v1/projects/synapse-cs/secrets/STEAM_API_KEY/versions/latest [none]
[debug] [2026-06-16T22:20:29.793Z] <<< [apiv2][status] GET https://secretmanager.googleapis.com/v1/projects/synapse-cs/secrets/STEAM_API_KEY/versions/latest 200
[debug] [2026-06-16T22:20:29.793Z] <<< [apiv2][body] GET https://secretmanager.googleapis.com/v1/projects/synapse-cs/secrets/STEAM_API_KEY/versions/latest {"name":"projects/847687663798/secrets/STEAM_API_KEY/versions/1","createTime":"2026-06-16T22:18:37.479016Z","state":"ENABLED","replicationStatus":{"automatic":{}},"etag":"\"1654665313f868\""}
[debug] [2026-06-16T22:20:29.793Z] Checked if tokens are valid: true, expires at: 1781649859103
[debug] [2026-06-16T22:20:29.793Z] Checked if tokens are valid: true, expires at: 1781649859103
[debug] [2026-06-16T22:20:29.794Z] >>> [apiv2][query] GET https://secretmanager.googleapis.com/v1/projects/synapse-cs/secrets/SYNAPSE_SERVER_SECRET [none]
[debug] [2026-06-16T22:20:30.064Z] <<< [apiv2][status] GET https://secretmanager.googleapis.com/v1/projects/synapse-cs/secrets/SYNAPSE_SERVER_SECRET 200
[debug] [2026-06-16T22:20:30.064Z] <<< [apiv2][body] GET https://secretmanager.googleapis.com/v1/projects/synapse-cs/secrets/SYNAPSE_SERVER_SECRET {"name":"projects/847687663798/secrets/SYNAPSE_SERVER_SECRET","replication":{"automatic":{}},"createTime":"2026-06-16T22:19:10.359641Z","labels":{"firebase-managed":"functions"},"etag":"\"165466551b0293\""}
[debug] [2026-06-16T22:20:30.064Z] Checked if tokens are valid: true, expires at: 1781649859103
[debug] [2026-06-16T22:20:30.064Z] Checked if tokens are valid: true, expires at: 1781649859103
[debug] [2026-06-16T22:20:30.065Z] >>> [apiv2][query] GET https://secretmanager.googleapis.com/v1/projects/synapse-cs/secrets/SYNAPSE_SERVER_SECRET/versions/latest [none]
[debug] [2026-06-16T22:20:30.341Z] <<< [apiv2][status] GET https://secretmanager.googleapis.com/v1/projects/synapse-cs/secrets/SYNAPSE_SERVER_SECRET/versions/latest 200
[debug] [2026-06-16T22:20:30.341Z] <<< [apiv2][body] GET https://secretmanager.googleapis.com/v1/projects/synapse-cs/secrets/SYNAPSE_SERVER_SECRET/versions/latest {"name":"projects/847687663798/secrets/SYNAPSE_SERVER_SECRET/versions/1","createTime":"2026-06-16T22:19:14.030211Z","state":"ENABLED","replicationStatus":{"automatic":{}},"etag":"\"1654665541b283\""}
[info] i  functions: preparing functions directory for uploading... 
[info] i  functions: packaged C:\Users\João Damas\Documents\JPHub\SynapseCS\functions (43.14 KB) for uploading 
[debug] [2026-06-16T22:20:30.370Z] Checked if tokens are valid: true, expires at: 1781649859103
[debug] [2026-06-16T22:20:30.370Z] Checked if tokens are valid: true, expires at: 1781649859103
[debug] [2026-06-16T22:20:30.370Z] >>> [apiv2][query] GET https://cloudfunctions.googleapis.com/v1/projects/synapse-cs/locations/-/functions [none]
[debug] [2026-06-16T22:20:31.450Z] <<< [apiv2][status] GET https://cloudfunctions.googleapis.com/v1/projects/synapse-cs/locations/-/functions 200
[debug] [2026-06-16T22:20:31.451Z] <<< [apiv2][body] GET https://cloudfunctions.googleapis.com/v1/projects/synapse-cs/locations/-/functions {"functions":[{"name":"projects/synapse-cs/locations/us-central1/functions/rebuildLeaderboard","eventTrigger":{"eventType":"google.pubsub.topic.publish","resource":"projects/synapse-cs/topics/firebase-schedule-rebuildLeaderboard-us-central1","service":"pubsub.googleapis.com","failurePolicy":{}},"status":"OFFLINE","entryPoint":"rebuildLeaderboard","timeout":"60s","availableMemoryMb":256,"serviceAccountEmail":"synapse-cs@appspot.gserviceaccount.com","updateTime":"2026-06-16T22:03:49.737905977Z","versionId":"1","labels":{"deployment-tool":"cli-firebase","deployment-scheduled":"true","firebase-functions-hash":"e33ee1c31b0bfa33213dfbd040dcb1f0ebf6115a"},"sourceUploadUrl":"https://storage.googleapis.com/uploads-7590106876.us-central1.cloudfunctions.appspot.com/60724d05-3e9e-4b5c-8f07-d668506ae010.zip","environmentVariables":{"FIREBASE_CONFIG":"{\"projectId\":\"synapse-cs\",\"storageBucket\":\"synapse-cs.firebasestorage.app\"}","GCLOUD_PROJECT":"synapse-cs","EVENTARC_CLOUD_EVENT_SOURCE":"projects/synapse-cs/locations/us-central1/functions/rebuildLeaderboard"},"runtime":"nodejs20","maxInstances":3000,"ingressSettings":"ALLOW_ALL","buildId":"6994e996-6863-462c-bd5f-7957bedb9bad","buildEnvironmentVariables":{"GOOGLE_NODE_RUN_SCRIPTS":""},"buildName":"projects/847687663798/locations/us-central1/builds/6994e996-6863-462c-bd5f-7957bedb9bad","dockerRegistry":"ARTIFACT_REGISTRY","automaticUpdatePolicy":{},"buildServiceAccount":"projects/synapse-cs/serviceAccounts/847687663798-compute@developer.gserviceaccount.com","satisfiesPzi":true}]}
[debug] [2026-06-16T22:20:31.451Z] Checked if tokens are valid: true, expires at: 1781649859103
[debug] [2026-06-16T22:20:31.451Z] Checked if tokens are valid: true, expires at: 1781649859103
[debug] [2026-06-16T22:20:31.451Z] >>> [apiv2][query] GET https://cloudfunctions.googleapis.com/v2/projects/synapse-cs/locations/-/functions filter=environment%3D%22GEN_2%22
[debug] [2026-06-16T22:20:32.903Z] <<< [apiv2][status] GET https://cloudfunctions.googleapis.com/v2/projects/synapse-cs/locations/-/functions 200
[debug] [2026-06-16T22:20:32.903Z] <<< [apiv2][body] GET https://cloudfunctions.googleapis.com/v2/projects/synapse-cs/locations/-/functions {"functions":[{"name":"projects/synapse-cs/locations/us-central1/functions/faceitHistory","buildConfig":{"build":"projects/847687663798/locations/us-central1/builds/dd45c4ed-8f1e-48e8-9724-fe9d3c11accf","runtime":"nodejs20","entryPoint":"faceitHistory","source":{"storageSource":{"bucket":"gcf-v2-sources-847687663798-us-central1","object":"faceitHistory/function-source.zip","generation":"1781647745152025"}},"environmentVariables":{"GOOGLE_NODE_RUN_SCRIPTS":""},"dockerRepository":"projects/synapse-cs/locations/us-central1/repositories/gcf-artifacts","sourceProvenance":{"resolvedStorageSource":{"bucket":"gcf-v2-sources-847687663798-us-central1","object":"faceitHistory/function-source.zip","generation":"1781647745152025"}},"dockerRegistry":"ARTIFACT_REGISTRY","serviceAccount":"projects/synapse-cs/serviceAccounts/847687663798-compute@developer.gserviceaccount.com","automaticUpdatePolicy":{}},"serviceConfig":{"service":"projects/synapse-cs/locations/us-central1/services/faceithistory","timeoutSeconds":60,"environmentVariables":{"FIREBASE_CONFIG":"{\"projectId\":\"synapse-cs\",\"storageBucket\":\"synapse-cs.firebasestorage.app\"}","GCLOUD_PROJECT":"synapse-cs","EVENTARC_CLOUD_EVENT_SOURCE":"projects/synapse-cs/locations/us-central1/services/faceitHistory","FUNCTION_TARGET":"faceitHistory","LOG_EXECUTION_ID":"true","FUNCTION_SIGNATURE_TYPE":"http"},"maxInstanceCount":20,"ingressSettings":"ALLOW_ALL","uri":"https://faceithistory-bx52x5erya-uc.a.run.app","serviceAccountEmail":"847687663798-compute@developer.gserviceaccount.com","availableMemory":"256Mi","allTrafficOnLatestRevision":true,"revision":"faceithistory-00002-zun","maxInstanceRequestConcurrency":80,"availableCpu":"1"},"state":"ACTIVE","updateTime":"2026-06-16T22:09:33.459114025Z","labels":{"firebase-functions-hash":"b65da215d2c5c6ea6128eae599993c3d77fb5107","deployment-tool":"cli-firebase"},"environment":"GEN_2","url":"https://us-central1-synapse-cs.cloudfunctions.net/faceitHistory","createTime":"2026-06-16T22:04:06.655218079Z","satisfiesPzi":true},{"name":"projects/synapse-cs/locations/us-central1/functions/syncLevels","buildConfig":{"build":"projects/847687663798/locations/us-central1/builds/dd45c4ed-8f1e-48e8-9724-fe9d3c11accf","runtime":"nodejs20","entryPoint":"syncLevels","source":{"storageSource":{"bucket":"gcf-v2-sources-847687663798-us-central1","object":"syncLevels/function-source.zip","generation":"1781647745287583"}},"environmentVariables":{"GOOGLE_NODE_RUN_SCRIPTS":""},"dockerRepository":"projects/synapse-cs/locations/us-central1/repositories/gcf-artifacts","sourceProvenance":{"resolvedStorageSource":{"bucket":"gcf-v2-sources-847687663798-us-central1","object":"syncLevels/function-source.zip","generation":"1781647745287583"}},"dockerRegistry":"ARTIFACT_REGISTRY","serviceAccount":"projects/synapse-cs/serviceAccounts/847687663798-compute@developer.gserviceaccount.com","automaticUpdatePolicy":{}},"serviceConfig":{"service":"projects/synapse-cs/locations/us-central1/services/synclevels","timeoutSeconds":60,"environmentVariables":{"FIREBASE_CONFIG":"{\"projectId\":\"synapse-cs\",\"storageBucket\":\"synapse-cs.firebasestorage.app\"}","GCLOUD_PROJECT":"synapse-cs","EVENTARC_CLOUD_EVENT_SOURCE":"projects/synapse-cs/locations/us-central1/services/syncLevels","FUNCTION_TARGET":"syncLevels","LOG_EXECUTION_ID":"true","FUNCTION_SIGNATURE_TYPE":"http"},"maxInstanceCount":20,"ingressSettings":"ALLOW_ALL","uri":"https://synclevels-bx52x5erya-uc.a.run.app","serviceAccountEmail":"847687663798-compute@developer.gserviceaccount.com","availableMemory":"256Mi","allTrafficOnLatestRevision":true,"revision":"synclevels-00002-put","maxInstanceRequestConcurrency":80,"availableCpu":"1"},"state":"ACTIVE","updateTime":"2026-06-16T22:09:27.084869305Z","labels":{"deployment-tool":"cli-firebase","firebase-functions-hash":"b65da215d2c5c6ea6128eae599993c3d77fb5107"},"environment":"GEN_2","url":"https://us-central1-synapse-cs.cloudfunctions.net/syncLevels","createTime":"2026-06-16T22:04:06.640852055Z","satisfiesPzi":true},{"name":"projects/synapse-cs/locations/us-central1/functions/steamLogin","buildConfig":{"build":"projects/847687663798/locations/us-central1/builds/dd45c4ed-8f1e-48e8-9724-fe9d3c11accf","runtime":"nodejs20","entryPoint":"steamLogin","source":{"storageSource":{"bucket":"gcf-v2-sources-847687663798-us-central1","object":"steamLogin/function-source.zip","generation":"1781647700887186"}},"environmentVariables":{"GOOGLE_NODE_RUN_SCRIPTS":""},"dockerRepository":"projects/synapse-cs/locations/us-central1/repositories/gcf-artifacts","sourceProvenance":{"resolvedStorageSource":{"bucket":"gcf-v2-sources-847687663798-us-central1","object":"steamLogin/function-source.zip","generation":"1781647700887186"}},"dockerRegistry":"ARTIFACT_REGISTRY","serviceAccount":"projects/synapse-cs/serviceAccounts/847687663798-compute@developer.gserviceaccount.com","automaticUpdatePolicy":{}},"serviceConfig":{"service":"projects/synapse-cs/locations/us-central1/services/steamlogin","timeoutSeconds":60,"environmentVariables":{"FIREBASE_CONFIG":"{\"projectId\":\"synapse-cs\",\"storageBucket\":\"synapse-cs.firebasestorage.app\"}","GCLOUD_PROJECT":"synapse-cs","EVENTARC_CLOUD_EVENT_SOURCE":"projects/synapse-cs/locations/us-central1/services/steamLogin","FUNCTION_TARGET":"steamLogin","LOG_EXECUTION_ID":"true"},"ingressSettings":"ALLOW_ALL","uri":"https://steamlogin-bx52x5erya-uc.a.run.app","serviceAccountEmail":"847687663798-compute@developer.gserviceaccount.com","availableMemory":"256Mi","allTrafficOnLatestRevision":true,"revision":"steamlogin-00001-fet","maxInstanceRequestConcurrency":80,"availableCpu":"1"},"state":"ACTIVE","updateTime":"2026-06-16T22:09:27.975105812Z","labels":{"firebase-functions-hash":"b65da215d2c5c6ea6128eae599993c3d77fb5107","deployment-tool":"cli-firebase"},"environment":"GEN_2","url":"https://us-central1-synapse-cs.cloudfunctions.net/steamLogin","createTime":"2026-06-16T22:03:11.525972023Z","satisfiesPzi":true},{"name":"projects/synapse-cs/locations/us-central1/functions/receiveMatchStats","buildConfig":{"build":"projects/847687663798/locations/us-central1/builds/dd45c4ed-8f1e-48e8-9724-fe9d3c11accf","runtime":"nodejs20","entryPoint":"receiveMatchStats","source":{"storageSource":{"bucket":"gcf-v2-sources-847687663798-us-central1","object":"receiveMatchStats/function-source.zip","generation":"1781647745197334"}},"environmentVariables":{"GOOGLE_NODE_RUN_SCRIPTS":""},"dockerRepository":"projects/synapse-cs/locations/us-central1/repositories/gcf-artifacts","sourceProvenance":{"resolvedStorageSource":{"bucket":"gcf-v2-sources-847687663798-us-central1","object":"receiveMatchStats/function-source.zip","generation":"1781647745197334"}},"dockerRegistry":"ARTIFACT_REGISTRY","serviceAccount":"projects/synapse-cs/serviceAccounts/847687663798-compute@developer.gserviceaccount.com","automaticUpdatePolicy":{}},"serviceConfig":{"service":"projects/synapse-cs/locations/us-central1/services/receivematchstats","timeoutSeconds":60,"environmentVariables":{"FIREBASE_CONFIG":"{\"projectId\":\"synapse-cs\",\"storageBucket\":\"synapse-cs.firebasestorage.app\"}","GCLOUD_PROJECT":"synapse-cs","EVENTARC_CLOUD_EVENT_SOURCE":"projects/synapse-cs/locations/us-central1/services/receiveMatchStats","FUNCTION_TARGET":"receiveMatchStats","LOG_EXECUTION_ID":"true","FUNCTION_SIGNATURE_TYPE":"http"},"maxInstanceCount":20,"ingressSettings":"ALLOW_ALL","uri":"https://receivematchstats-bx52x5erya-uc.a.run.app","serviceAccountEmail":"847687663798-compute@developer.gserviceaccount.com","availableMemory":"256Mi","allTrafficOnLatestRevision":true,"revision":"receivematchstats-00002-rub","maxInstanceRequestConcurrency":80,"availableCpu":"1"},"state":"ACTIVE","updateTime":"2026-06-16T22:09:31.653637156Z","labels":{"deployment-tool":"cli-firebase","firebase-functions-hash":"b65da215d2c5c6ea6128eae599993c3d77fb5107"},"environment":"GEN_2","url":"https://us-central1-synapse-cs.cloudfunctions.net/receiveMatchStats","createTime":"2026-06-16T22:04:06.595615293Z","satisfiesPzi":true},{"name":"projects/synapse-cs/locations/us-central1/functions/faceitStats","buildConfig":{"build":"projects/847687663798/locations/us-central1/builds/dd45c4ed-8f1e-48e8-9724-fe9d3c11accf","runtime":"nodejs20","entryPoint":"faceitStats","source":{"storageSource":{"bucket":"gcf-v2-sources-847687663798-us-central1","object":"faceitStats/function-source.zip","generation":"1781647745092040"}},"environmentVariables":{"GOOGLE_NODE_RUN_SCRIPTS":""},"dockerRepository":"projects/synapse-cs/locations/us-central1/repositories/gcf-artifacts","sourceProvenance":{"resolvedStorageSource":{"bucket":"gcf-v2-sources-847687663798-us-central1","object":"faceitStats/function-source.zip","generation":"1781647745092040"}},"dockerRegistry":"ARTIFACT_REGISTRY","serviceAccount":"projects/synapse-cs/serviceAccounts/847687663798-compute@developer.gserviceaccount.com","automaticUpdatePolicy":{}},"serviceConfig":{"service":"projects/synapse-cs/locations/us-central1/services/faceitstats","timeoutSeconds":60,"environmentVariables":{"FIREBASE_CONFIG":"{\"projectId\":\"synapse-cs\",\"storageBucket\":\"synapse-cs.firebasestorage.app\"}","GCLOUD_PROJECT":"synapse-cs","EVENTARC_CLOUD_EVENT_SOURCE":"projects/synapse-cs/locations/us-central1/services/faceitStats","FUNCTION_TARGET":"faceitStats","LOG_EXECUTION_ID":"true","FUNCTION_SIGNATURE_TYPE":"http"},"maxInstanceCount":20,"ingressSettings":"ALLOW_ALL","uri":"https://faceitstats-bx52x5erya-uc.a.run.app","serviceAccountEmail":"847687663798-compute@developer.gserviceaccount.com","availableMemory":"256Mi","allTrafficOnLatestRevision":true,"revision":"faceitstats-00002-wup","maxInstanceRequestConcurrency":80,"availableCpu":"1"},"state":"ACTIVE","updateTime":"2026-06-16T22:09:27.757345758Z","labels":{"deployment-tool":"cli-firebase","firebase-functions-hash":"b65da215d2c5c6ea6128eae599993c3d77fb5107"},"environment":"GEN_2","url":"https://us-central1-synapse-cs.cloudfunctions.net/faceitStats","createTime":"2026-06-16T22:04:06.645434606Z","satisfiesPzi":true},{"name":"projects/synapse-cs/locations/us-central1/functions/updateMixScore","buildConfig":{"build":"projects/847687663798/locations/us-central1/builds/dd45c4ed-8f1e-48e8-9724-fe9d3c11accf","runtime":"nodejs20","entryPoint":"updateMixScore","source":{"storageSource":{"bucket":"gcf-v2-sources-847687663798-us-central1","object":"updateMixScore/function-source.zip","generation":"1781647745156852"}},"environmentVariables":{"GOOGLE_NODE_RUN_SCRIPTS":""},"dockerRepository":"projects/synapse-cs/locations/us-central1/repositories/gcf-artifacts","sourceProvenance":{"resolvedStorageSource":{"bucket":"gcf-v2-sources-847687663798-us-central1","object":"updateMixScore/function-source.zip","generation":"1781647745156852"}},"dockerRegistry":"ARTIFACT_REGISTRY","serviceAccount":"projects/synapse-cs/serviceAccounts/847687663798-compute@developer.gserviceaccount.com","automaticUpdatePolicy":{}},"serviceConfig":{"service":"projects/synapse-cs/locations/us-central1/services/updatemixscore","timeoutSeconds":60,"environmentVariables":{"FIREBASE_CONFIG":"{\"projectId\":\"synapse-cs\",\"storageBucket\":\"synapse-cs.firebasestorage.app\"}","GCLOUD_PROJECT":"synapse-cs","EVENTARC_CLOUD_EVENT_SOURCE":"projects/synapse-cs/locations/us-central1/services/updateMixScore","FUNCTION_TARGET":"updateMixScore","LOG_EXECUTION_ID":"true","FUNCTION_SIGNATURE_TYPE":"http"},"maxInstanceCount":20,"ingressSettings":"ALLOW_ALL","uri":"https://updatemixscore-bx52x5erya-uc.a.run.app","serviceAccountEmail":"847687663798-compute@developer.gserviceaccount.com","availableMemory":"256Mi","allTrafficOnLatestRevision":true,"revision":"updatemixscore-00002-nax","maxInstanceRequestConcurrency":80,"availableCpu":"1"},"state":"ACTIVE","updateTime":"2026-06-16T22:09:32.184226760Z","labels":{"deployment-tool":"cli-firebase","firebase-functions-hash":"b65da215d2c5c6ea6128eae599993c3d77fb5107"},"environment":"GEN_2","url":"https://us-central1-synapse-cs.cloudfunctions.net/updateMixScore","createTime":"2026-06-16T22:04:06.783578553Z","satisfiesPzi":true}]}
[info] i  functions: ensuring required API run.googleapis.com is enabled... 
[info] i  functions: ensuring required API eventarc.googleapis.com is enabled... 
[info] i  functions: ensuring required API pubsub.googleapis.com is enabled... 
[info] i  functions: ensuring required API storage.googleapis.com is enabled... 
[info] i  functions: generating the service identity for pubsub.googleapis.com... 
[debug] [2026-06-16T22:20:32.906Z] Checked if tokens are valid: true, expires at: 1781649859103
[debug] [2026-06-16T22:20:32.906Z] Checked if tokens are valid: true, expires at: 1781649859103
[info] i  functions: generating the service identity for eventarc.googleapis.com... 
[debug] [2026-06-16T22:20:32.906Z] Checked if tokens are valid: true, expires at: 1781649859103
[debug] [2026-06-16T22:20:32.907Z] Checked if tokens are valid: true, expires at: 1781649859103
[debug] [2026-06-16T22:20:32.907Z] >>> [apiv2][query] POST https://serviceusage.googleapis.com/v1beta1/projects/847687663798/services/pubsub.googleapis.com:generateServiceIdentity [none]
[debug] [2026-06-16T22:20:32.907Z] >>> [apiv2][(partial)header] POST https://serviceusage.googleapis.com/v1beta1/projects/847687663798/services/pubsub.googleapis.com:generateServiceIdentity  x-goog-user-project=847687663798
[debug] [2026-06-16T22:20:32.907Z] >>> [apiv2][body] POST https://serviceusage.googleapis.com/v1beta1/projects/847687663798/services/pubsub.googleapis.com:generateServiceIdentity {}
[debug] [2026-06-16T22:20:32.907Z] >>> [apiv2][query] POST https://serviceusage.googleapis.com/v1beta1/projects/847687663798/services/eventarc.googleapis.com:generateServiceIdentity [none]
[debug] [2026-06-16T22:20:32.907Z] >>> [apiv2][(partial)header] POST https://serviceusage.googleapis.com/v1beta1/projects/847687663798/services/eventarc.googleapis.com:generateServiceIdentity  x-goog-user-project=847687663798
[debug] [2026-06-16T22:20:32.907Z] >>> [apiv2][body] POST https://serviceusage.googleapis.com/v1beta1/projects/847687663798/services/eventarc.googleapis.com:generateServiceIdentity {}
[debug] [2026-06-16T22:20:33.881Z] <<< [apiv2][status] POST https://serviceusage.googleapis.com/v1beta1/projects/847687663798/services/pubsub.googleapis.com:generateServiceIdentity 200
[debug] [2026-06-16T22:20:33.881Z] <<< [apiv2][body] POST https://serviceusage.googleapis.com/v1beta1/projects/847687663798/services/pubsub.googleapis.com:generateServiceIdentity {"name":"operations/finished.DONE_OPERATION","done":true,"response":{"@type":"type.googleapis.com/google.api.serviceusage.v1beta1.ServiceIdentity","email":"service-847687663798@gcp-sa-pubsub.iam.gserviceaccount.com","uniqueId":"103488401850952841771"}}
[debug] [2026-06-16T22:20:33.985Z] <<< [apiv2][status] POST https://serviceusage.googleapis.com/v1beta1/projects/847687663798/services/eventarc.googleapis.com:generateServiceIdentity 200
[debug] [2026-06-16T22:20:33.985Z] <<< [apiv2][body] POST https://serviceusage.googleapis.com/v1beta1/projects/847687663798/services/eventarc.googleapis.com:generateServiceIdentity {"name":"operations/finished.DONE_OPERATION","done":true,"response":{"@type":"type.googleapis.com/google.api.serviceusage.v1beta1.ServiceIdentity","email":"service-847687663798@gcp-sa-eventarc.iam.gserviceaccount.com","uniqueId":"116317056291425784131"}}
[info] i  functions: ensuring required API secretmanager.googleapis.com is enabled... 
[debug] [2026-06-16T22:20:33.986Z] Checked if tokens are valid: true, expires at: 1781649859103
[debug] [2026-06-16T22:20:33.986Z] Checked if tokens are valid: true, expires at: 1781649859103
[debug] [2026-06-16T22:20:33.986Z] >>> [apiv2][query] GET https://serviceusage.googleapis.com/v1/projects/847687663798/services/secretmanager.googleapis.com [none]
[debug] [2026-06-16T22:20:33.986Z] >>> [apiv2][(partial)header] GET https://serviceusage.googleapis.com/v1/projects/847687663798/services/secretmanager.googleapis.com  x-goog-user-project=847687663798
[debug] [2026-06-16T22:20:34.331Z] <<< [apiv2][status] GET https://serviceusage.googleapis.com/v1/projects/847687663798/services/secretmanager.googleapis.com 200
[debug] [2026-06-16T22:20:34.332Z] <<< [apiv2][body] GET https://serviceusage.googleapis.com/v1/projects/847687663798/services/secretmanager.googleapis.com [omitted]
[info] +  functions: required API secretmanager.googleapis.com is enabled 
[debug] [2026-06-16T22:20:34.335Z] Checked if tokens are valid: true, expires at: 1781649859103
[debug] [2026-06-16T22:20:34.335Z] Checked if tokens are valid: true, expires at: 1781649859103
[debug] [2026-06-16T22:20:34.335Z] Checked if tokens are valid: true, expires at: 1781649859103
[debug] [2026-06-16T22:20:34.335Z] Checked if tokens are valid: true, expires at: 1781649859103
[debug] [2026-06-16T22:20:34.335Z] >>> [apiv2][query] GET https://secretmanager.googleapis.com/v1/projects/synapse-cs/secrets/STEAM_API_KEY/versions/latest [none]
[debug] [2026-06-16T22:20:34.336Z] >>> [apiv2][query] GET https://secretmanager.googleapis.com/v1/projects/synapse-cs/secrets/SYNAPSE_SERVER_SECRET/versions/latest [none]
[debug] [2026-06-16T22:20:34.597Z] <<< [apiv2][status] GET https://secretmanager.googleapis.com/v1/projects/synapse-cs/secrets/STEAM_API_KEY/versions/latest 200
[debug] [2026-06-16T22:20:34.597Z] <<< [apiv2][body] GET https://secretmanager.googleapis.com/v1/projects/synapse-cs/secrets/STEAM_API_KEY/versions/latest {"name":"projects/847687663798/secrets/STEAM_API_KEY/versions/1","createTime":"2026-06-16T22:18:37.479016Z","state":"ENABLED","replicationStatus":{"automatic":{}},"etag":"\"1654665313f868\""}
[debug] [2026-06-16T22:20:34.597Z] Resolved secret version of STEAM_API_KEY to 1.
[debug] [2026-06-16T22:20:34.809Z] <<< [apiv2][status] GET https://secretmanager.googleapis.com/v1/projects/synapse-cs/secrets/SYNAPSE_SERVER_SECRET/versions/latest 200
[debug] [2026-06-16T22:20:34.809Z] <<< [apiv2][body] GET https://secretmanager.googleapis.com/v1/projects/synapse-cs/secrets/SYNAPSE_SERVER_SECRET/versions/latest {"name":"projects/847687663798/secrets/SYNAPSE_SERVER_SECRET/versions/1","createTime":"2026-06-16T22:19:14.030211Z","state":"ENABLED","replicationStatus":{"automatic":{}},"etag":"\"1654665541b283\""}
[debug] [2026-06-16T22:20:34.809Z] Resolved secret version of SYNAPSE_SERVER_SECRET to 1.
[debug] [2026-06-16T22:20:34.810Z] Checked if tokens are valid: true, expires at: 1781649859103
[debug] [2026-06-16T22:20:34.810Z] Checked if tokens are valid: true, expires at: 1781649859103
[debug] [2026-06-16T22:20:34.810Z] >>> [apiv2][query] GET https://cloudresourcemanager.googleapis.com/v1/projects/synapse-cs [none]
[debug] [2026-06-16T22:20:35.666Z] <<< [apiv2][status] GET https://cloudresourcemanager.googleapis.com/v1/projects/synapse-cs 200
[debug] [2026-06-16T22:20:35.666Z] <<< [apiv2][body] GET https://cloudresourcemanager.googleapis.com/v1/projects/synapse-cs {"projectNumber":"847687663798","projectId":"synapse-cs","lifecycleState":"ACTIVE","name":"synapseCS","labels":{"firebase":"enabled","firebase-core":"disabled"},"createTime":"2026-01-13T16:38:25.896286Z"}
[debug] [2026-06-16T22:20:35.666Z] Checked if tokens are valid: true, expires at: 1781649859103
[debug] [2026-06-16T22:20:35.666Z] Checked if tokens are valid: true, expires at: 1781649859103
[debug] [2026-06-16T22:20:35.666Z] >>> [apiv2][query] GET https://compute.googleapis.com/compute/v1/projects/847687663798 [none]
[debug] [2026-06-16T22:20:36.723Z] <<< [apiv2][status] GET https://compute.googleapis.com/compute/v1/projects/847687663798 403
[debug] [2026-06-16T22:20:36.723Z] <<< [apiv2][body] GET https://compute.googleapis.com/compute/v1/projects/847687663798 {"error":{"code":403,"message":"Compute Engine API has not been used in project 847687663798 before or it is disabled. Enable it by visiting https://console.developers.google.com/apis/api/compute.googleapis.com/overview?project=847687663798 then retry. If you enabled this API recently, wait a few minutes for the action to propagate to our systems and retry.","errors":[{"message":"Compute Engine API has not been used in project 847687663798 before or it is disabled. Enable it by visiting https://console.developers.google.com/apis/api/compute.googleapis.com/overview?project=847687663798 then retry. If you enabled this API recently, wait a few minutes for the action to propagate to our systems and retry.","domain":"usageLimits","reason":"accessNotConfigured","extendedHelp":"https://console.developers.google.com"}],"status":"PERMISSION_DENIED","details":[{"@type":"type.googleapis.com/google.rpc.ErrorInfo","reason":"SERVICE_DISABLED","domain":"googleapis.com","metadata":{"activationUrl":"https://console.developers.google.com/apis/api/compute.googleapis.com/overview?project=847687663798","containerInfo":"847687663798","consumer":"projects/847687663798","service":"compute.googleapis.com","serviceTitle":"Compute Engine API"}},{"@type":"type.googleapis.com/google.rpc.LocalizedMessage","locale":"en-US","message":"Compute Engine API has not been used in project 847687663798 before or it is disabled. Enable it by visiting https://console.developers.google.com/apis/api/compute.googleapis.com/overview?project=847687663798 then retry. If you enabled this API recently, wait a few minutes for the action to propagate to our systems and retry."},{"@type":"type.googleapis.com/google.rpc.Help","links":[{"description":"Google developers console API activation","url":"https://console.developers.google.com/apis/api/compute.googleapis.com/overview?project=847687663798"}]}]}}
[debug] [2026-06-16T22:20:36.723Z] unable to look up default compute service account. Falling back to 847687663798-compute@developer.gserviceaccount.com. Error: {"name":"FirebaseError","children":[],"context":{"body":{"error":{"code":403,"message":"Compute Engine API has not been used in project 847687663798 before or it is disabled. Enable it by visiting https://console.developers.google.com/apis/api/compute.googleapis.com/overview?project=847687663798 then retry. If you enabled this API recently, wait a few minutes for the action to propagate to our systems and retry.","errors":[{"message":"Compute Engine API has not been used in project 847687663798 before or it is disabled. Enable it by visiting https://console.developers.google.com/apis/api/compute.googleapis.com/overview?project=847687663798 then retry. If you enabled this API recently, wait a few minutes for the action to propagate to our systems and retry.","domain":"usageLimits","reason":"accessNotConfigured","extendedHelp":"https://console.developers.google.com"}],"status":"PERMISSION_DENIED","details":[{"@type":"type.googleapis.com/google.rpc.ErrorInfo","reason":"SERVICE_DISABLED","domain":"googleapis.com","metadata":{"activationUrl":"https://console.developers.google.com/apis/api/compute.googleapis.com/overview?project=847687663798","containerInfo":"847687663798","consumer":"projects/847687663798","service":"compute.googleapis.com","serviceTitle":"Compute Engine API"}},{"@type":"type.googleapis.com/google.rpc.LocalizedMessage","locale":"en-US","message":"Compute Engine API has not been used in project 847687663798 before or it is disabled. Enable it by visiting https://console.developers.google.com/apis/api/compute.googleapis.com/overview?project=847687663798 then retry. If you enabled this API recently, wait a few minutes for the action to propagate to our systems and retry."},{"@type":"type.googleapis.com/google.rpc.Help","links":[{"description":"Google developers console API activation","url":"https://console.developers.google.com/apis/api/compute.googleapis.com/overview?project=847687663798"}]}]}},"response":{"statusCode":403}},"exit":1,"message":"Request to https://compute.googleapis.com/compute/v1/projects/847687663798 had HTTP Error: 403, Compute Engine API has not been used in project 847687663798 before or it is disabled. Enable it by visiting https://console.developers.google.com/apis/api/compute.googleapis.com/overview?project=847687663798 then retry. If you enabled this API recently, wait a few minutes for the action to propagate to our systems and retry.","status":403}
[debug] [2026-06-16T22:20:36.724Z] Checked if tokens are valid: true, expires at: 1781649859103
[debug] [2026-06-16T22:20:36.724Z] Checked if tokens are valid: true, expires at: 1781649859103
[debug] [2026-06-16T22:20:36.724Z] >>> [apiv2][query] GET https://compute.googleapis.com/compute/v1/projects/847687663798 [none]
[debug] [2026-06-16T22:20:37.656Z] <<< [apiv2][status] GET https://compute.googleapis.com/compute/v1/projects/847687663798 403
[debug] [2026-06-16T22:20:37.656Z] <<< [apiv2][body] GET https://compute.googleapis.com/compute/v1/projects/847687663798 {"error":{"code":403,"message":"Compute Engine API has not been used in project 847687663798 before or it is disabled. Enable it by visiting https://console.developers.google.com/apis/api/compute.googleapis.com/overview?project=847687663798 then retry. If you enabled this API recently, wait a few minutes for the action to propagate to our systems and retry.","errors":[{"message":"Compute Engine API has not been used in project 847687663798 before or it is disabled. Enable it by visiting https://console.developers.google.com/apis/api/compute.googleapis.com/overview?project=847687663798 then retry. If you enabled this API recently, wait a few minutes for the action to propagate to our systems and retry.","domain":"usageLimits","reason":"accessNotConfigured","extendedHelp":"https://console.developers.google.com"}],"status":"PERMISSION_DENIED","details":[{"@type":"type.googleapis.com/google.rpc.ErrorInfo","reason":"SERVICE_DISABLED","domain":"googleapis.com","metadata":{"consumer":"projects/847687663798","service":"compute.googleapis.com","activationUrl":"https://console.developers.google.com/apis/api/compute.googleapis.com/overview?project=847687663798","serviceTitle":"Compute Engine API","containerInfo":"847687663798"}},{"@type":"type.googleapis.com/google.rpc.LocalizedMessage","locale":"en-US","message":"Compute Engine API has not been used in project 847687663798 before or it is disabled. Enable it by visiting https://console.developers.google.com/apis/api/compute.googleapis.com/overview?project=847687663798 then retry. If you enabled this API recently, wait a few minutes for the action to propagate to our systems and retry."},{"@type":"type.googleapis.com/google.rpc.Help","links":[{"description":"Google developers console API activation","url":"https://console.developers.google.com/apis/api/compute.googleapis.com/overview?project=847687663798"}]}]}}
[debug] [2026-06-16T22:20:37.656Z] unable to look up default compute service account. Falling back to 847687663798-compute@developer.gserviceaccount.com. Error: {"name":"FirebaseError","children":[],"context":{"body":{"error":{"code":403,"message":"Compute Engine API has not been used in project 847687663798 before or it is disabled. Enable it by visiting https://console.developers.google.com/apis/api/compute.googleapis.com/overview?project=847687663798 then retry. If you enabled this API recently, wait a few minutes for the action to propagate to our systems and retry.","errors":[{"message":"Compute Engine API has not been used in project 847687663798 before or it is disabled. Enable it by visiting https://console.developers.google.com/apis/api/compute.googleapis.com/overview?project=847687663798 then retry. If you enabled this API recently, wait a few minutes for the action to propagate to our systems and retry.","domain":"usageLimits","reason":"accessNotConfigured","extendedHelp":"https://console.developers.google.com"}],"status":"PERMISSION_DENIED","details":[{"@type":"type.googleapis.com/google.rpc.ErrorInfo","reason":"SERVICE_DISABLED","domain":"googleapis.com","metadata":{"consumer":"projects/847687663798","service":"compute.googleapis.com","activationUrl":"https://console.developers.google.com/apis/api/compute.googleapis.com/overview?project=847687663798","serviceTitle":"Compute Engine API","containerInfo":"847687663798"}},{"@type":"type.googleapis.com/google.rpc.LocalizedMessage","locale":"en-US","message":"Compute Engine API has not been used in project 847687663798 before or it is disabled. Enable it by visiting https://console.developers.google.com/apis/api/compute.googleapis.com/overview?project=847687663798 then retry. If you enabled this API recently, wait a few minutes for the action to propagate to our systems and retry."},{"@type":"type.googleapis.com/google.rpc.Help","links":[{"description":"Google developers console API activation","url":"https://console.developers.google.com/apis/api/compute.googleapis.com/overview?project=847687663798"}]}]}},"response":{"statusCode":403}},"exit":1,"message":"Request to https://compute.googleapis.com/compute/v1/projects/847687663798 had HTTP Error: 403, Compute Engine API has not been used in project 847687663798 before or it is disabled. Enable it by visiting https://console.developers.google.com/apis/api/compute.googleapis.com/overview?project=847687663798 then retry. If you enabled this API recently, wait a few minutes for the action to propagate to our systems and retry.","status":403}
[debug] [2026-06-16T22:20:37.656Z] Checked if tokens are valid: true, expires at: 1781649859103
[debug] [2026-06-16T22:20:37.656Z] Checked if tokens are valid: true, expires at: 1781649859103
[debug] [2026-06-16T22:20:37.656Z] >>> [apiv2][query] GET https://compute.googleapis.com/compute/v1/projects/847687663798 [none]
[debug] [2026-06-16T22:20:37.877Z] <<< [apiv2][status] GET https://compute.googleapis.com/compute/v1/projects/847687663798 403
[debug] [2026-06-16T22:20:37.877Z] <<< [apiv2][body] GET https://compute.googleapis.com/compute/v1/projects/847687663798 {"error":{"code":403,"message":"Compute Engine API has not been used in project 847687663798 before or it is disabled. Enable it by visiting https://console.developers.google.com/apis/api/compute.googleapis.com/overview?project=847687663798 then retry. If you enabled this API recently, wait a few minutes for the action to propagate to our systems and retry.","errors":[{"message":"Compute Engine API has not been used in project 847687663798 before or it is disabled. Enable it by visiting https://console.developers.google.com/apis/api/compute.googleapis.com/overview?project=847687663798 then retry. If you enabled this API recently, wait a few minutes for the action to propagate to our systems and retry.","domain":"usageLimits","reason":"accessNotConfigured","extendedHelp":"https://console.developers.google.com"}],"status":"PERMISSION_DENIED","details":[{"@type":"type.googleapis.com/google.rpc.ErrorInfo","reason":"SERVICE_DISABLED","domain":"googleapis.com","metadata":{"service":"compute.googleapis.com","serviceTitle":"Compute Engine API","consumer":"projects/847687663798","containerInfo":"847687663798","activationUrl":"https://console.developers.google.com/apis/api/compute.googleapis.com/overview?project=847687663798"}},{"@type":"type.googleapis.com/google.rpc.LocalizedMessage","locale":"en-US","message":"Compute Engine API has not been used in project 847687663798 before or it is disabled. Enable it by visiting https://console.developers.google.com/apis/api/compute.googleapis.com/overview?project=847687663798 then retry. If you enabled this API recently, wait a few minutes for the action to propagate to our systems and retry."},{"@type":"type.googleapis.com/google.rpc.Help","links":[{"description":"Google developers console API activation","url":"https://console.developers.google.com/apis/api/compute.googleapis.com/overview?project=847687663798"}]}]}}
[debug] [2026-06-16T22:20:37.877Z] unable to look up default compute service account. Falling back to 847687663798-compute@developer.gserviceaccount.com. Error: {"name":"FirebaseError","children":[],"context":{"body":{"error":{"code":403,"message":"Compute Engine API has not been used in project 847687663798 before or it is disabled. Enable it by visiting https://console.developers.google.com/apis/api/compute.googleapis.com/overview?project=847687663798 then retry. If you enabled this API recently, wait a few minutes for the action to propagate to our systems and retry.","errors":[{"message":"Compute Engine API has not been used in project 847687663798 before or it is disabled. Enable it by visiting https://console.developers.google.com/apis/api/compute.googleapis.com/overview?project=847687663798 then retry. If you enabled this API recently, wait a few minutes for the action to propagate to our systems and retry.","domain":"usageLimits","reason":"accessNotConfigured","extendedHelp":"https://console.developers.google.com"}],"status":"PERMISSION_DENIED","details":[{"@type":"type.googleapis.com/google.rpc.ErrorInfo","reason":"SERVICE_DISABLED","domain":"googleapis.com","metadata":{"service":"compute.googleapis.com","serviceTitle":"Compute Engine API","consumer":"projects/847687663798","containerInfo":"847687663798","activationUrl":"https://console.developers.google.com/apis/api/compute.googleapis.com/overview?project=847687663798"}},{"@type":"type.googleapis.com/google.rpc.LocalizedMessage","locale":"en-US","message":"Compute Engine API has not been used in project 847687663798 before or it is disabled. Enable it by visiting https://console.developers.google.com/apis/api/compute.googleapis.com/overview?project=847687663798 then retry. If you enabled this API recently, wait a few minutes for the action to propagate to our systems and retry."},{"@type":"type.googleapis.com/google.rpc.Help","links":[{"description":"Google developers console API activation","url":"https://console.developers.google.com/apis/api/compute.googleapis.com/overview?project=847687663798"}]}]}},"response":{"statusCode":403}},"exit":1,"message":"Request to https://compute.googleapis.com/compute/v1/projects/847687663798 had HTTP Error: 403, Compute Engine API has not been used in project 847687663798 before or it is disabled. Enable it by visiting https://console.developers.google.com/apis/api/compute.googleapis.com/overview?project=847687663798 then retry. If you enabled this API recently, wait a few minutes for the action to propagate to our systems and retry.","status":403}
[debug] [2026-06-16T22:20:37.878Z] Checked if tokens are valid: true, expires at: 1781649859103
[debug] [2026-06-16T22:20:37.878Z] Checked if tokens are valid: true, expires at: 1781649859103
[debug] [2026-06-16T22:20:37.878Z] >>> [apiv2][query] GET https://compute.googleapis.com/compute/v1/projects/847687663798 [none]
[debug] [2026-06-16T22:20:38.135Z] <<< [apiv2][status] GET https://compute.googleapis.com/compute/v1/projects/847687663798 403
[debug] [2026-06-16T22:20:38.135Z] <<< [apiv2][body] GET https://compute.googleapis.com/compute/v1/projects/847687663798 {"error":{"code":403,"message":"Compute Engine API has not been used in project 847687663798 before or it is disabled. Enable it by visiting https://console.developers.google.com/apis/api/compute.googleapis.com/overview?project=847687663798 then retry. If you enabled this API recently, wait a few minutes for the action to propagate to our systems and retry.","errors":[{"message":"Compute Engine API has not been used in project 847687663798 before or it is disabled. Enable it by visiting https://console.developers.google.com/apis/api/compute.googleapis.com/overview?project=847687663798 then retry. If you enabled this API recently, wait a few minutes for the action to propagate to our systems and retry.","domain":"usageLimits","reason":"accessNotConfigured","extendedHelp":"https://console.developers.google.com"}],"status":"PERMISSION_DENIED","details":[{"@type":"type.googleapis.com/google.rpc.ErrorInfo","reason":"SERVICE_DISABLED","domain":"googleapis.com","metadata":{"service":"compute.googleapis.com","containerInfo":"847687663798","consumer":"projects/847687663798","serviceTitle":"Compute Engine API","activationUrl":"https://console.developers.google.com/apis/api/compute.googleapis.com/overview?project=847687663798"}},{"@type":"type.googleapis.com/google.rpc.LocalizedMessage","locale":"en-US","message":"Compute Engine API has not been used in project 847687663798 before or it is disabled. Enable it by visiting https://console.developers.google.com/apis/api/compute.googleapis.com/overview?project=847687663798 then retry. If you enabled this API recently, wait a few minutes for the action to propagate to our systems and retry."},{"@type":"type.googleapis.com/google.rpc.Help","links":[{"description":"Google developers console API activation","url":"https://console.developers.google.com/apis/api/compute.googleapis.com/overview?project=847687663798"}]}]}}
[debug] [2026-06-16T22:20:38.136Z] unable to look up default compute service account. Falling back to 847687663798-compute@developer.gserviceaccount.com. Error: {"name":"FirebaseError","children":[],"context":{"body":{"error":{"code":403,"message":"Compute Engine API has not been used in project 847687663798 before or it is disabled. Enable it by visiting https://console.developers.google.com/apis/api/compute.googleapis.com/overview?project=847687663798 then retry. If you enabled this API recently, wait a few minutes for the action to propagate to our systems and retry.","errors":[{"message":"Compute Engine API has not been used in project 847687663798 before or it is disabled. Enable it by visiting https://console.developers.google.com/apis/api/compute.googleapis.com/overview?project=847687663798 then retry. If you enabled this API recently, wait a few minutes for the action to propagate to our systems and retry.","domain":"usageLimits","reason":"accessNotConfigured","extendedHelp":"https://console.developers.google.com"}],"status":"PERMISSION_DENIED","details":[{"@type":"type.googleapis.com/google.rpc.ErrorInfo","reason":"SERVICE_DISABLED","domain":"googleapis.com","metadata":{"service":"compute.googleapis.com","containerInfo":"847687663798","consumer":"projects/847687663798","serviceTitle":"Compute Engine API","activationUrl":"https://console.developers.google.com/apis/api/compute.googleapis.com/overview?project=847687663798"}},{"@type":"type.googleapis.com/google.rpc.LocalizedMessage","locale":"en-US","message":"Compute Engine API has not been used in project 847687663798 before or it is disabled. Enable it by visiting https://console.developers.google.com/apis/api/compute.googleapis.com/overview?project=847687663798 then retry. If you enabled this API recently, wait a few minutes for the action to propagate to our systems and retry."},{"@type":"type.googleapis.com/google.rpc.Help","links":[{"description":"Google developers console API activation","url":"https://console.developers.google.com/apis/api/compute.googleapis.com/overview?project=847687663798"}]}]}},"response":{"statusCode":403}},"exit":1,"message":"Request to https://compute.googleapis.com/compute/v1/projects/847687663798 had HTTP Error: 403, Compute Engine API has not been used in project 847687663798 before or it is disabled. Enable it by visiting https://console.developers.google.com/apis/api/compute.googleapis.com/overview?project=847687663798 then retry. If you enabled this API recently, wait a few minutes for the action to propagate to our systems and retry.","status":403}
[debug] [2026-06-16T22:20:38.136Z] Checked if tokens are valid: true, expires at: 1781649859103
[debug] [2026-06-16T22:20:38.136Z] Checked if tokens are valid: true, expires at: 1781649859103
[debug] [2026-06-16T22:20:38.136Z] >>> [apiv2][query] GET https://compute.googleapis.com/compute/v1/projects/847687663798 [none]
[debug] [2026-06-16T22:20:38.392Z] <<< [apiv2][status] GET https://compute.googleapis.com/compute/v1/projects/847687663798 403
[debug] [2026-06-16T22:20:38.392Z] <<< [apiv2][body] GET https://compute.googleapis.com/compute/v1/projects/847687663798 {"error":{"code":403,"message":"Compute Engine API has not been used in project 847687663798 before or it is disabled. Enable it by visiting https://console.developers.google.com/apis/api/compute.googleapis.com/overview?project=847687663798 then retry. If you enabled this API recently, wait a few minutes for the action to propagate to our systems and retry.","errors":[{"message":"Compute Engine API has not been used in project 847687663798 before or it is disabled. Enable it by visiting https://console.developers.google.com/apis/api/compute.googleapis.com/overview?project=847687663798 then retry. If you enabled this API recently, wait a few minutes for the action to propagate to our systems and retry.","domain":"usageLimits","reason":"accessNotConfigured","extendedHelp":"https://console.developers.google.com"}],"status":"PERMISSION_DENIED","details":[{"@type":"type.googleapis.com/google.rpc.ErrorInfo","reason":"SERVICE_DISABLED","domain":"googleapis.com","metadata":{"serviceTitle":"Compute Engine API","consumer":"projects/847687663798","containerInfo":"847687663798","activationUrl":"https://console.developers.google.com/apis/api/compute.googleapis.com/overview?project=847687663798","service":"compute.googleapis.com"}},{"@type":"type.googleapis.com/google.rpc.LocalizedMessage","locale":"en-US","message":"Compute Engine API has not been used in project 847687663798 before or it is disabled. Enable it by visiting https://console.developers.google.com/apis/api/compute.googleapis.com/overview?project=847687663798 then retry. If you enabled this API recently, wait a few minutes for the action to propagate to our systems and retry."},{"@type":"type.googleapis.com/google.rpc.Help","links":[{"description":"Google developers console API activation","url":"https://console.developers.google.com/apis/api/compute.googleapis.com/overview?project=847687663798"}]}]}}
[debug] [2026-06-16T22:20:38.392Z] unable to look up default compute service account. Falling back to 847687663798-compute@developer.gserviceaccount.com. Error: {"name":"FirebaseError","children":[],"context":{"body":{"error":{"code":403,"message":"Compute Engine API has not been used in project 847687663798 before or it is disabled. Enable it by visiting https://console.developers.google.com/apis/api/compute.googleapis.com/overview?project=847687663798 then retry. If you enabled this API recently, wait a few minutes for the action to propagate to our systems and retry.","errors":[{"message":"Compute Engine API has not been used in project 847687663798 before or it is disabled. Enable it by visiting https://console.developers.google.com/apis/api/compute.googleapis.com/overview?project=847687663798 then retry. If you enabled this API recently, wait a few minutes for the action to propagate to our systems and retry.","domain":"usageLimits","reason":"accessNotConfigured","extendedHelp":"https://console.developers.google.com"}],"status":"PERMISSION_DENIED","details":[{"@type":"type.googleapis.com/google.rpc.ErrorInfo","reason":"SERVICE_DISABLED","domain":"googleapis.com","metadata":{"serviceTitle":"Compute Engine API","consumer":"projects/847687663798","containerInfo":"847687663798","activationUrl":"https://console.developers.google.com/apis/api/compute.googleapis.com/overview?project=847687663798","service":"compute.googleapis.com"}},{"@type":"type.googleapis.com/google.rpc.LocalizedMessage","locale":"en-US","message":"Compute Engine API has not been used in project 847687663798 before or it is disabled. Enable it by visiting https://console.developers.google.com/apis/api/compute.googleapis.com/overview?project=847687663798 then retry. If you enabled this API recently, wait a few minutes for the action to propagate to our systems and retry."},{"@type":"type.googleapis.com/google.rpc.Help","links":[{"description":"Google developers console API activation","url":"https://console.developers.google.com/apis/api/compute.googleapis.com/overview?project=847687663798"}]}]}},"response":{"statusCode":403}},"exit":1,"message":"Request to https://compute.googleapis.com/compute/v1/projects/847687663798 had HTTP Error: 403, Compute Engine API has not been used in project 847687663798 before or it is disabled. Enable it by visiting https://console.developers.google.com/apis/api/compute.googleapis.com/overview?project=847687663798 then retry. If you enabled this API recently, wait a few minutes for the action to propagate to our systems and retry.","status":403}
[debug] [2026-06-16T22:20:38.392Z] Checked if tokens are valid: true, expires at: 1781649859103
[debug] [2026-06-16T22:20:38.392Z] Checked if tokens are valid: true, expires at: 1781649859103
[debug] [2026-06-16T22:20:38.392Z] >>> [apiv2][query] GET https://compute.googleapis.com/compute/v1/projects/847687663798 [none]
[debug] [2026-06-16T22:20:38.668Z] <<< [apiv2][status] GET https://compute.googleapis.com/compute/v1/projects/847687663798 403
[debug] [2026-06-16T22:20:38.669Z] <<< [apiv2][body] GET https://compute.googleapis.com/compute/v1/projects/847687663798 {"error":{"code":403,"message":"Compute Engine API has not been used in project 847687663798 before or it is disabled. Enable it by visiting https://console.developers.google.com/apis/api/compute.googleapis.com/overview?project=847687663798 then retry. If you enabled this API recently, wait a few minutes for the action to propagate to our systems and retry.","errors":[{"message":"Compute Engine API has not been used in project 847687663798 before or it is disabled. Enable it by visiting https://console.developers.google.com/apis/api/compute.googleapis.com/overview?project=847687663798 then retry. If you enabled this API recently, wait a few minutes for the action to propagate to our systems and retry.","domain":"usageLimits","reason":"accessNotConfigured","extendedHelp":"https://console.developers.google.com"}],"status":"PERMISSION_DENIED","details":[{"@type":"type.googleapis.com/google.rpc.ErrorInfo","reason":"SERVICE_DISABLED","domain":"googleapis.com","metadata":{"service":"compute.googleapis.com","containerInfo":"847687663798","consumer":"projects/847687663798","activationUrl":"https://console.developers.google.com/apis/api/compute.googleapis.com/overview?project=847687663798","serviceTitle":"Compute Engine API"}},{"@type":"type.googleapis.com/google.rpc.LocalizedMessage","locale":"en-US","message":"Compute Engine API has not been used in project 847687663798 before or it is disabled. Enable it by visiting https://console.developers.google.com/apis/api/compute.googleapis.com/overview?project=847687663798 then retry. If you enabled this API recently, wait a few minutes for the action to propagate to our systems and retry."},{"@type":"type.googleapis.com/google.rpc.Help","links":[{"description":"Google developers console API activation","url":"https://console.developers.google.com/apis/api/compute.googleapis.com/overview?project=847687663798"}]}]}}
[debug] [2026-06-16T22:20:38.669Z] unable to look up default compute service account. Falling back to 847687663798-compute@developer.gserviceaccount.com. Error: {"name":"FirebaseError","children":[],"context":{"body":{"error":{"code":403,"message":"Compute Engine API has not been used in project 847687663798 before or it is disabled. Enable it by visiting https://console.developers.google.com/apis/api/compute.googleapis.com/overview?project=847687663798 then retry. If you enabled this API recently, wait a few minutes for the action to propagate to our systems and retry.","errors":[{"message":"Compute Engine API has not been used in project 847687663798 before or it is disabled. Enable it by visiting https://console.developers.google.com/apis/api/compute.googleapis.com/overview?project=847687663798 then retry. If you enabled this API recently, wait a few minutes for the action to propagate to our systems and retry.","domain":"usageLimits","reason":"accessNotConfigured","extendedHelp":"https://console.developers.google.com"}],"status":"PERMISSION_DENIED","details":[{"@type":"type.googleapis.com/google.rpc.ErrorInfo","reason":"SERVICE_DISABLED","domain":"googleapis.com","metadata":{"service":"compute.googleapis.com","containerInfo":"847687663798","consumer":"projects/847687663798","activationUrl":"https://console.developers.google.com/apis/api/compute.googleapis.com/overview?project=847687663798","serviceTitle":"Compute Engine API"}},{"@type":"type.googleapis.com/google.rpc.LocalizedMessage","locale":"en-US","message":"Compute Engine API has not been used in project 847687663798 before or it is disabled. Enable it by visiting https://console.developers.google.com/apis/api/compute.googleapis.com/overview?project=847687663798 then retry. If you enabled this API recently, wait a few minutes for the action to propagate to our systems and retry."},{"@type":"type.googleapis.com/google.rpc.Help","links":[{"description":"Google developers console API activation","url":"https://console.developers.google.com/apis/api/compute.googleapis.com/overview?project=847687663798"}]}]}},"response":{"statusCode":403}},"exit":1,"message":"Request to https://compute.googleapis.com/compute/v1/projects/847687663798 had HTTP Error: 403, Compute Engine API has not been used in project 847687663798 before or it is disabled. Enable it by visiting https://console.developers.google.com/apis/api/compute.googleapis.com/overview?project=847687663798 then retry. If you enabled this API recently, wait a few minutes for the action to propagate to our systems and retry.","status":403}
[info] i  functions: ensuring 847687663798-compute@developer.gserviceaccount.com access to secret STEAM_API_KEY. 
[debug] [2026-06-16T22:20:38.669Z] Checked if tokens are valid: true, expires at: 1781649859103
[debug] [2026-06-16T22:20:38.669Z] Checked if tokens are valid: true, expires at: 1781649859103
[info] i  functions: ensuring 847687663798-compute@developer.gserviceaccount.com access to secret SYNAPSE_SERVER_SECRET. 
[debug] [2026-06-16T22:20:38.669Z] Checked if tokens are valid: true, expires at: 1781649859103
[debug] [2026-06-16T22:20:38.669Z] Checked if tokens are valid: true, expires at: 1781649859103
[debug] [2026-06-16T22:20:38.670Z] >>> [apiv2][query] GET https://secretmanager.googleapis.com/v1/projects/synapse-cs/secrets/STEAM_API_KEY:getIamPolicy [none]
[debug] [2026-06-16T22:20:38.670Z] >>> [apiv2][query] GET https://secretmanager.googleapis.com/v1/projects/synapse-cs/secrets/SYNAPSE_SERVER_SECRET:getIamPolicy [none]
[debug] [2026-06-16T22:20:39.146Z] <<< [apiv2][status] GET https://secretmanager.googleapis.com/v1/projects/synapse-cs/secrets/STEAM_API_KEY:getIamPolicy 200
[debug] [2026-06-16T22:20:39.146Z] <<< [apiv2][body] GET https://secretmanager.googleapis.com/v1/projects/synapse-cs/secrets/STEAM_API_KEY:getIamPolicy {"etag":"ACAB"}
[debug] [2026-06-16T22:20:39.146Z] Checked if tokens are valid: true, expires at: 1781649859103
[debug] [2026-06-16T22:20:39.146Z] Checked if tokens are valid: true, expires at: 1781649859103
[debug] [2026-06-16T22:20:39.146Z] >>> [apiv2][query] POST https://secretmanager.googleapis.com/v1/projects/synapse-cs/secrets/STEAM_API_KEY:setIamPolicy [none]
[debug] [2026-06-16T22:20:39.146Z] >>> [apiv2][body] POST https://secretmanager.googleapis.com/v1/projects/synapse-cs/secrets/STEAM_API_KEY:setIamPolicy {"policy":{"bindings":[{"role":"roles/secretmanager.secretAccessor","members":["serviceAccount:847687663798-compute@developer.gserviceaccount.com"]}]},"updateMask":"bindings"}
[debug] [2026-06-16T22:20:39.184Z] <<< [apiv2][status] GET https://secretmanager.googleapis.com/v1/projects/synapse-cs/secrets/SYNAPSE_SERVER_SECRET:getIamPolicy 200
[debug] [2026-06-16T22:20:39.184Z] <<< [apiv2][body] GET https://secretmanager.googleapis.com/v1/projects/synapse-cs/secrets/SYNAPSE_SERVER_SECRET:getIamPolicy {"etag":"ACAB"}
[debug] [2026-06-16T22:20:39.184Z] Checked if tokens are valid: true, expires at: 1781649859103
[debug] [2026-06-16T22:20:39.184Z] Checked if tokens are valid: true, expires at: 1781649859103
[debug] [2026-06-16T22:20:39.184Z] >>> [apiv2][query] POST https://secretmanager.googleapis.com/v1/projects/synapse-cs/secrets/SYNAPSE_SERVER_SECRET:setIamPolicy [none]
[debug] [2026-06-16T22:20:39.184Z] >>> [apiv2][body] POST https://secretmanager.googleapis.com/v1/projects/synapse-cs/secrets/SYNAPSE_SERVER_SECRET:setIamPolicy {"policy":{"bindings":[{"role":"roles/secretmanager.secretAccessor","members":["serviceAccount:847687663798-compute@developer.gserviceaccount.com"]}]},"updateMask":"bindings"}
[debug] [2026-06-16T22:20:39.739Z] <<< [apiv2][status] POST https://secretmanager.googleapis.com/v1/projects/synapse-cs/secrets/STEAM_API_KEY:setIamPolicy 200
[debug] [2026-06-16T22:20:39.739Z] <<< [apiv2][body] POST https://secretmanager.googleapis.com/v1/projects/synapse-cs/secrets/STEAM_API_KEY:setIamPolicy {"version":1,"etag":"BwZUZlpWzIs=","bindings":[{"role":"roles/secretmanager.secretAccessor","members":["serviceAccount:847687663798-compute@developer.gserviceaccount.com"]}]}
[info] +  secretmanager: Granted roles/secretmanager.secretAccessor on projects/synapse-cs/secrets/STEAM_API_KEY to 847687663798-compute@developer.gserviceaccount.com 
[info] +  functions: ensured 847687663798-compute@developer.gserviceaccount.com access to STEAM_API_KEY. 
[debug] [2026-06-16T22:20:39.984Z] <<< [apiv2][status] POST https://secretmanager.googleapis.com/v1/projects/synapse-cs/secrets/SYNAPSE_SERVER_SECRET:setIamPolicy 200
[debug] [2026-06-16T22:20:39.984Z] <<< [apiv2][body] POST https://secretmanager.googleapis.com/v1/projects/synapse-cs/secrets/SYNAPSE_SERVER_SECRET:setIamPolicy {"version":1,"etag":"BwZUZlpaPfM=","bindings":[{"role":"roles/secretmanager.secretAccessor","members":["serviceAccount:847687663798-compute@developer.gserviceaccount.com"]}]}
[info] +  secretmanager: Granted roles/secretmanager.secretAccessor on projects/synapse-cs/secrets/SYNAPSE_SERVER_SECRET to 847687663798-compute@developer.gserviceaccount.com 
[info] +  functions: ensured 847687663798-compute@developer.gserviceaccount.com access to SYNAPSE_SERVER_SECRET. 
[debug] [2026-06-16T22:20:39.985Z] Checked if tokens are valid: true, expires at: 1781649859103
[debug] [2026-06-16T22:20:39.985Z] Checked if tokens are valid: true, expires at: 1781649859103
[debug] [2026-06-16T22:20:39.985Z] >>> [apiv2][query] POST https://cloudfunctions.googleapis.com/v2/projects/synapse-cs/locations/us-central1/functions:generateUploadUrl [none]
[debug] [2026-06-16T22:20:41.085Z] <<< [apiv2][status] POST https://cloudfunctions.googleapis.com/v2/projects/synapse-cs/locations/us-central1/functions:generateUploadUrl 200
[debug] [2026-06-16T22:20:41.085Z] <<< [apiv2][body] POST https://cloudfunctions.googleapis.com/v2/projects/synapse-cs/locations/us-central1/functions:generateUploadUrl {"uploadUrl":"https://storage.googleapis.com/gcf-v2-uploads-847687663798.us-central1.cloudfunctions.appspot.com/b1e01b07-f9b3-4bde-890b-8386b7b69c03.zip?GoogleAccessId=service-847687663798@gcf-admin-robot.iam.gserviceaccount.com&Expires=1781650240&Signature=oIx0xleQC8G752UZ5FnY6CAJb6fwkVX7JIa%2FjK4xtOlWnnWw1fUv5E9BwaTMnVbOwmHhSe4gT4cEf864CBaZCsuzCxSepi4%2Br3eJhwQoBJjq5eg5D6GUxB6Z8nawfJOXYq%2Baga2vApr6NcUoaRPNdZlyKiAVqA9ZtE7Jy2ib6%2Bn9BDTvNZGXToLPCroE2t4QXaBn1JDZ3gMvVI%2BBu6iOjmPHlqJl0TFKuvrMgHEgnXRcCH9lW7pLkneKq8jj0enSCgTs30jI9FvesPXezmlqA7d0l9Bx8lQrd2SWjtT1eclg3BQFlVAU8DfOmbZpKNEGNwrMyeoAxRX71Oex9IKkOQ%3D%3D","storageSource":{"bucket":"gcf-v2-uploads-847687663798.us-central1.cloudfunctions.appspot.com","object":"b1e01b07-f9b3-4bde-890b-8386b7b69c03.zip"}}
[debug] [2026-06-16T22:20:41.085Z] >>> [apiv2][query] PUT https://storage.googleapis.com/gcf-v2-uploads-847687663798.us-central1.cloudfunctions.appspot.com/b1e01b07-f9b3-4bde-890b-8386b7b69c03.zip GoogleAccessId=service-847687663798%40gcf-admin-robot.iam.gserviceaccount.com&Expires=1781650240&Signature=oIx0xleQC8G752UZ5FnY6CAJb6fwkVX7JIa%2FjK4xtOlWnnWw1fUv5E9BwaTMnVbOwmHhSe4gT4cEf864CBaZCsuzCxSepi4%2Br3eJhwQoBJjq5eg5D6GUxB6Z8nawfJOXYq%2Baga2vApr6NcUoaRPNdZlyKiAVqA9ZtE7Jy2ib6%2Bn9BDTvNZGXToLPCroE2t4QXaBn1JDZ3gMvVI%2BBu6iOjmPHlqJl0TFKuvrMgHEgnXRcCH9lW7pLkneKq8jj0enSCgTs30jI9FvesPXezmlqA7d0l9Bx8lQrd2SWjtT1eclg3BQFlVAU8DfOmbZpKNEGNwrMyeoAxRX71Oex9IKkOQ%3D%3D
[debug] [2026-06-16T22:20:41.085Z] >>> [apiv2][body] PUT https://storage.googleapis.com/gcf-v2-uploads-847687663798.us-central1.cloudfunctions.appspot.com/b1e01b07-f9b3-4bde-890b-8386b7b69c03.zip [stream]
[debug] [2026-06-16T22:20:41.594Z] <<< [apiv2][status] PUT https://storage.googleapis.com/gcf-v2-uploads-847687663798.us-central1.cloudfunctions.appspot.com/b1e01b07-f9b3-4bde-890b-8386b7b69c03.zip 200
[debug] [2026-06-16T22:20:41.594Z] <<< [apiv2][body] PUT https://storage.googleapis.com/gcf-v2-uploads-847687663798.us-central1.cloudfunctions.appspot.com/b1e01b07-f9b3-4bde-890b-8386b7b69c03.zip [omitted]
[info] +  functions: functions source uploaded successfully 
[info] i  functions: updating Node.js 20 (2nd Gen) function steamLogin(us-central1)... 
[info] i  functions: updating Node.js 20 (2nd Gen) function faceitStats(us-central1)... 
[info] i  functions: updating Node.js 20 (2nd Gen) function faceitHistory(us-central1)... 
[info] i  functions: updating Node.js 20 (2nd Gen) function syncLevels(us-central1)... 
[info] i  functions: updating Node.js 20 (2nd Gen) function receiveMatchStats(us-central1)... 
[info] i  functions: updating Node.js 20 (2nd Gen) function updateMixScore(us-central1)... 
[info] i  functions: deleting Node.js 20 (1st Gen) function rebuildLeaderboard(us-central1)... 
[debug] [2026-06-16T22:20:41.597Z] Checked if tokens are valid: true, expires at: 1781649859103
[debug] [2026-06-16T22:20:41.598Z] Checked if tokens are valid: true, expires at: 1781649859103
[debug] [2026-06-16T22:20:41.598Z] Checked if tokens are valid: true, expires at: 1781649859103
[debug] [2026-06-16T22:20:41.598Z] Checked if tokens are valid: true, expires at: 1781649859103
[debug] [2026-06-16T22:20:41.598Z] >>> [apiv2][query] DELETE https://cloudscheduler.googleapis.com/v1/projects/synapse-cs/locations/us-central1/jobs/firebase-schedule-rebuildLeaderboard-us-central1 [none]
[debug] [2026-06-16T22:20:41.599Z] >>> [apiv2][query] PATCH https://cloudfunctions.googleapis.com/v2/projects/synapse-cs/locations/us-central1/functions/steamLogin updateMask=name%2CbuildConfig.runtime%2CbuildConfig.entryPoint%2CbuildConfig.source.storageSource.bucket%2CbuildConfig.source.storageSource.object%2CbuildConfig.environmentVariables%2CbuildConfig.sourceToken%2CserviceConfig.environmentVariables%2CserviceConfig.secretEnvironmentVariables%2CserviceConfig.ingressSettings%2CserviceConfig.timeoutSeconds%2CserviceConfig.serviceAccountEmail%2CserviceConfig.availableMemory%2CserviceConfig.minInstanceCount%2CserviceConfig.maxInstanceCount%2CserviceConfig.maxInstanceRequestConcurrency%2CserviceConfig.availableCpu%2CserviceConfig.vpcConnector%2CserviceConfig.vpcConnectorEgressSettings%2Clabels
[debug] [2026-06-16T22:20:41.599Z] >>> [apiv2][body] PATCH https://cloudfunctions.googleapis.com/v2/projects/synapse-cs/locations/us-central1/functions/steamLogin {"name":"projects/synapse-cs/locations/us-central1/functions/steamLogin","buildConfig":{"runtime":"nodejs20","entryPoint":"steamLogin","source":{"storageSource":{"bucket":"gcf-v2-uploads-847687663798.us-central1.cloudfunctions.appspot.com","object":"b1e01b07-f9b3-4bde-890b-8386b7b69c03.zip"}},"environmentVariables":{"GOOGLE_NODE_RUN_SCRIPTS":""}},"serviceConfig":{"environmentVariables":{"FIREBASE_CONFIG":"{\"projectId\":\"synapse-cs\",\"storageBucket\":\"synapse-cs.firebasestorage.app\"}","GCLOUD_PROJECT":"synapse-cs","EVENTARC_CLOUD_EVENT_SOURCE":"projects/synapse-cs/locations/us-central1/services/steamLogin","FUNCTION_TARGET":"steamLogin","LOG_EXECUTION_ID":"true"},"secretEnvironmentVariables":[{"key":"STEAM_API_KEY","secret":"STEAM_API_KEY","projectId":"synapse-cs","version":"1"}],"ingressSettings":null,"timeoutSeconds":null,"serviceAccountEmail":null,"availableMemory":"256Mi","minInstanceCount":null,"maxInstanceCount":null,"maxInstanceRequestConcurrency":80,"availableCpu":"1","vpcConnector":null,"vpcConnectorEgressSettings":null},"labels":{"deployment-tool":"cli-firebase","firebase-functions-hash":"48873fbc84636facfdf2beb0e6b29d2f7751f3c3"}}
[debug] [2026-06-16T22:20:42.663Z] <<< [apiv2][status] DELETE https://cloudscheduler.googleapis.com/v1/projects/synapse-cs/locations/us-central1/jobs/firebase-schedule-rebuildLeaderboard-us-central1 404
[debug] [2026-06-16T22:20:42.664Z] <<< [apiv2][body] DELETE https://cloudscheduler.googleapis.com/v1/projects/synapse-cs/locations/us-central1/jobs/firebase-schedule-rebuildLeaderboard-us-central1 {"error":{"code":404,"message":"Job not found.","status":"NOT_FOUND"}}
[error] Request to https://cloudscheduler.googleapis.com/v1/projects/synapse-cs/locations/us-central1/jobs/firebase-schedule-rebuildLeaderboard-us-central1 had HTTP Error: 404, Job not found.
[debug] [2026-06-16T22:20:43.478Z] <<< [apiv2][status] PATCH https://cloudfunctions.googleapis.com/v2/projects/synapse-cs/locations/us-central1/functions/steamLogin 200
[debug] [2026-06-16T22:20:43.478Z] <<< [apiv2][body] PATCH https://cloudfunctions.googleapis.com/v2/projects/synapse-cs/locations/us-central1/functions/steamLogin {"name":"projects/synapse-cs/locations/us-central1/operations/operation-1781648442137-654665a821c10-5719802b-0560a401","metadata":{"@type":"type.googleapis.com/google.cloud.functions.v2.OperationMetadata","createTime":"2026-06-16T22:20:43.024771139Z","target":"projects/synapse-cs/locations/us-central1/functions/steamLogin","verb":"update","cancelRequested":false,"apiVersion":"v2"},"done":false}
[debug] [2026-06-16T22:20:43.479Z] Checked if tokens are valid: true, expires at: 1781649859103
[debug] [2026-06-16T22:20:43.479Z] Checked if tokens are valid: true, expires at: 1781649859103
[debug] [2026-06-16T22:20:43.479Z] >>> [apiv2][query] GET https://cloudfunctions.googleapis.com/v2/projects/synapse-cs/locations/us-central1/operations/operation-1781648442137-654665a821c10-5719802b-0560a401 [none]
[debug] [2026-06-16T22:20:44.427Z] <<< [apiv2][status] GET https://cloudfunctions.googleapis.com/v2/projects/synapse-cs/locations/us-central1/operations/operation-1781648442137-654665a821c10-5719802b-0560a401 200
[debug] [2026-06-16T22:20:44.427Z] <<< [apiv2][body] GET https://cloudfunctions.googleapis.com/v2/projects/synapse-cs/locations/us-central1/operations/operation-1781648442137-654665a821c10-5719802b-0560a401 {"name":"projects/synapse-cs/locations/us-central1/operations/operation-1781648442137-654665a821c10-5719802b-0560a401","metadata":{"@type":"type.googleapis.com/google.cloud.functions.v2.OperationMetadata","createTime":"2026-06-16T22:20:43.024771139Z","target":"projects/synapse-cs/locations/us-central1/functions/steamLogin","verb":"update","cancelRequested":false,"apiVersion":"v2","requestResource":{"@type":"type.googleapis.com/google.cloud.functions.v2.Function","name":"projects/synapse-cs/locations/us-central1/functions/steamLogin","buildConfig":{"runtime":"nodejs20","entryPoint":"steamLogin","source":{"storageSource":{"bucket":"gcf-v2-sources-847687663798-us-central1","object":"steamLogin/function-source.zip","generation":"1781648442973404"}},"environmentVariables":{"GOOGLE_NODE_RUN_SCRIPTS":""},"dockerRepository":"projects/synapse-cs/locations/us-central1/repositories/gcf-artifacts","sourceProvenance":{"resolvedStorageSource":{"bucket":"gcf-v2-sources-847687663798-us-central1","object":"steamLogin/function-source.zip","generation":"1781647700887186"}},"dockerRegistry":"ARTIFACT_REGISTRY","serviceAccount":"projects/synapse-cs/serviceAccounts/847687663798-compute@developer.gserviceaccount.com","automaticUpdatePolicy":{}},"serviceConfig":{"service":"projects/synapse-cs/locations/us-central1/services/steamlogin","timeoutSeconds":60,"environmentVariables":{"FIREBASE_CONFIG":"{\"projectId\":\"synapse-cs\",\"storageBucket\":\"synapse-cs.firebasestorage.app\"}","GCLOUD_PROJECT":"synapse-cs","EVENTARC_CLOUD_EVENT_SOURCE":"projects/synapse-cs/locations/us-central1/services/steamLogin","FUNCTION_TARGET":"steamLogin","LOG_EXECUTION_ID":"true"},"ingressSettings":"ALLOW_ALL","uri":"https://steamlogin-bx52x5erya-uc.a.run.app","serviceAccountEmail":"847687663798-compute@developer.gserviceaccount.com","availableMemory":"256Mi","allTrafficOnLatestRevision":true,"secretEnvironmentVariables":[{"key":"STEAM_API_KEY","projectId":"synapse-cs","secret":"STEAM_API_KEY","version":"1"}],"revision":"steamlogin-00001-fet","maxInstanceRequestConcurrency":80,"availableCpu":"1"},"state":"ACTIVE","labels":{"deployment-tool":"cloudfunctions","firebase-functions-hash":"48873fbc84636facfdf2beb0e6b29d2f7751f3c3"},"environment":"GEN_2","url":"https://us-central1-synapse-cs.cloudfunctions.net/steamLogin","satisfiesPzi":true},"stages":[{"name":"BUILD","message":"Creating build","state":"IN_PROGRESS","resource":"projects/847687663798/locations/us-central1/builds/81ce678b-47a3-4cc9-8bda-ab5f458a4940","resourceUri":"https://console.cloud.google.com/cloud-build/builds;region=us-central1/81ce678b-47a3-4cc9-8bda-ab5f458a4940?project=847687663798"},{"name":"SERVICE","state":"NOT_STARTED"}],"operationType":"UPDATE_FUNCTION","buildName":"projects/847687663798/locations/us-central1/builds/81ce678b-47a3-4cc9-8bda-ab5f458a4940"},"done":false}
[debug] [2026-06-16T22:20:44.928Z] [update-default-us-central1-steamLogin] Retrying task index 0
[debug] [2026-06-16T22:20:44.928Z] Checked if tokens are valid: true, expires at: 1781649859103
[debug] [2026-06-16T22:20:44.928Z] Checked if tokens are valid: true, expires at: 1781649859103
[debug] [2026-06-16T22:20:44.928Z] >>> [apiv2][query] GET https://cloudfunctions.googleapis.com/v2/projects/synapse-cs/locations/us-central1/operations/operation-1781648442137-654665a821c10-5719802b-0560a401 [none]
[debug] [2026-06-16T22:20:45.970Z] <<< [apiv2][status] GET https://cloudfunctions.googleapis.com/v2/projects/synapse-cs/locations/us-central1/operations/operation-1781648442137-654665a821c10-5719802b-0560a401 200
[debug] [2026-06-16T22:20:45.970Z] <<< [apiv2][body] GET https://cloudfunctions.googleapis.com/v2/projects/synapse-cs/locations/us-central1/operations/operation-1781648442137-654665a821c10-5719802b-0560a401 {"name":"projects/synapse-cs/locations/us-central1/operations/operation-1781648442137-654665a821c10-5719802b-0560a401","metadata":{"@type":"type.googleapis.com/google.cloud.functions.v2.OperationMetadata","createTime":"2026-06-16T22:20:43.024771139Z","target":"projects/synapse-cs/locations/us-central1/functions/steamLogin","verb":"update","cancelRequested":false,"apiVersion":"v2","requestResource":{"@type":"type.googleapis.com/google.cloud.functions.v2.Function","name":"projects/synapse-cs/locations/us-central1/functions/steamLogin","buildConfig":{"runtime":"nodejs20","entryPoint":"steamLogin","source":{"storageSource":{"bucket":"gcf-v2-sources-847687663798-us-central1","object":"steamLogin/function-source.zip","generation":"1781648442973404"}},"environmentVariables":{"GOOGLE_NODE_RUN_SCRIPTS":""},"dockerRepository":"projects/synapse-cs/locations/us-central1/repositories/gcf-artifacts","sourceProvenance":{"resolvedStorageSource":{"bucket":"gcf-v2-sources-847687663798-us-central1","object":"steamLogin/function-source.zip","generation":"1781647700887186"}},"dockerRegistry":"ARTIFACT_REGISTRY","serviceAccount":"projects/synapse-cs/serviceAccounts/847687663798-compute@developer.gserviceaccount.com","automaticUpdatePolicy":{}},"serviceConfig":{"service":"projects/synapse-cs/locations/us-central1/services/steamlogin","timeoutSeconds":60,"environmentVariables":{"FIREBASE_CONFIG":"{\"projectId\":\"synapse-cs\",\"storageBucket\":\"synapse-cs.firebasestorage.app\"}","GCLOUD_PROJECT":"synapse-cs","EVENTARC_CLOUD_EVENT_SOURCE":"projects/synapse-cs/locations/us-central1/services/steamLogin","FUNCTION_TARGET":"steamLogin","LOG_EXECUTION_ID":"true"},"ingressSettings":"ALLOW_ALL","uri":"https://steamlogin-bx52x5erya-uc.a.run.app","serviceAccountEmail":"847687663798-compute@developer.gserviceaccount.com","availableMemory":"256Mi","allTrafficOnLatestRevision":true,"secretEnvironmentVariables":[{"key":"STEAM_API_KEY","projectId":"synapse-cs","secret":"STEAM_API_KEY","version":"1"}],"revision":"steamlogin-00001-fet","maxInstanceRequestConcurrency":80,"availableCpu":"1"},"state":"ACTIVE","labels":{"deployment-tool":"cloudfunctions","firebase-functions-hash":"48873fbc84636facfdf2beb0e6b29d2f7751f3c3"},"environment":"GEN_2","url":"https://us-central1-synapse-cs.cloudfunctions.net/steamLogin","satisfiesPzi":true},"stages":[{"name":"BUILD","message":"Build in progress","state":"IN_PROGRESS","resource":"projects/847687663798/locations/us-central1/builds/81ce678b-47a3-4cc9-8bda-ab5f458a4940","resourceUri":"https://console.cloud.google.com/cloud-build/builds;region=us-central1/81ce678b-47a3-4cc9-8bda-ab5f458a4940?project=847687663798"},{"name":"SERVICE","state":"NOT_STARTED"}],"operationType":"UPDATE_FUNCTION","buildName":"projects/847687663798/locations/us-central1/builds/81ce678b-47a3-4cc9-8bda-ab5f458a4940"},"done":false}
[debug] [2026-06-16T22:20:46.971Z] [update-default-us-central1-steamLogin] Retrying task index 0
[debug] [2026-06-16T22:20:46.971Z] Checked if tokens are valid: true, expires at: 1781649859103
[debug] [2026-06-16T22:20:46.971Z] Checked if tokens are valid: true, expires at: 1781649859103
[debug] [2026-06-16T22:20:46.971Z] >>> [apiv2][query] GET https://cloudfunctions.googleapis.com/v2/projects/synapse-cs/locations/us-central1/operations/operation-1781648442137-654665a821c10-5719802b-0560a401 [none]
[debug] [2026-06-16T22:20:47.914Z] <<< [apiv2][status] GET https://cloudfunctions.googleapis.com/v2/projects/synapse-cs/locations/us-central1/operations/operation-1781648442137-654665a821c10-5719802b-0560a401 200
[debug] [2026-06-16T22:20:47.915Z] <<< [apiv2][body] GET https://cloudfunctions.googleapis.com/v2/projects/synapse-cs/locations/us-central1/operations/operation-1781648442137-654665a821c10-5719802b-0560a401 {"name":"projects/synapse-cs/locations/us-central1/operations/operation-1781648442137-654665a821c10-5719802b-0560a401","metadata":{"@type":"type.googleapis.com/google.cloud.functions.v2.OperationMetadata","createTime":"2026-06-16T22:20:43.024771139Z","target":"projects/synapse-cs/locations/us-central1/functions/steamLogin","verb":"update","cancelRequested":false,"apiVersion":"v2","requestResource":{"@type":"type.googleapis.com/google.cloud.functions.v2.Function","name":"projects/synapse-cs/locations/us-central1/functions/steamLogin","buildConfig":{"runtime":"nodejs20","entryPoint":"steamLogin","source":{"storageSource":{"bucket":"gcf-v2-sources-847687663798-us-central1","object":"steamLogin/function-source.zip","generation":"1781648442973404"}},"environmentVariables":{"GOOGLE_NODE_RUN_SCRIPTS":""},"dockerRepository":"projects/synapse-cs/locations/us-central1/repositories/gcf-artifacts","sourceProvenance":{"resolvedStorageSource":{"bucket":"gcf-v2-sources-847687663798-us-central1","object":"steamLogin/function-source.zip","generation":"1781647700887186"}},"dockerRegistry":"ARTIFACT_REGISTRY","serviceAccount":"projects/synapse-cs/serviceAccounts/847687663798-compute@developer.gserviceaccount.com","automaticUpdatePolicy":{}},"serviceConfig":{"service":"projects/synapse-cs/locations/us-central1/services/steamlogin","timeoutSeconds":60,"environmentVariables":{"FIREBASE_CONFIG":"{\"projectId\":\"synapse-cs\",\"storageBucket\":\"synapse-cs.firebasestorage.app\"}","GCLOUD_PROJECT":"synapse-cs","EVENTARC_CLOUD_EVENT_SOURCE":"projects/synapse-cs/locations/us-central1/services/steamLogin","FUNCTION_TARGET":"steamLogin","LOG_EXECUTION_ID":"true"},"ingressSettings":"ALLOW_ALL","uri":"https://steamlogin-bx52x5erya-uc.a.run.app","serviceAccountEmail":"847687663798-compute@developer.gserviceaccount.com","availableMemory":"256Mi","allTrafficOnLatestRevision":true,"secretEnvironmentVariables":[{"key":"STEAM_API_KEY","projectId":"synapse-cs","secret":"STEAM_API_KEY","version":"1"}],"revision":"steamlogin-00001-fet","maxInstanceRequestConcurrency":80,"availableCpu":"1"},"state":"ACTIVE","labels":{"deployment-tool":"cloudfunctions","firebase-functions-hash":"48873fbc84636facfdf2beb0e6b29d2f7751f3c3"},"environment":"GEN_2","url":"https://us-central1-synapse-cs.cloudfunctions.net/steamLogin","satisfiesPzi":true},"stages":[{"name":"BUILD","message":"Build in progress","state":"IN_PROGRESS","resource":"projects/847687663798/locations/us-central1/builds/81ce678b-47a3-4cc9-8bda-ab5f458a4940","resourceUri":"https://console.cloud.google.com/cloud-build/builds;region=us-central1/81ce678b-47a3-4cc9-8bda-ab5f458a4940?project=847687663798"},{"name":"SERVICE","state":"NOT_STARTED"}],"operationType":"UPDATE_FUNCTION","buildName":"projects/847687663798/locations/us-central1/builds/81ce678b-47a3-4cc9-8bda-ab5f458a4940"},"done":false}
[debug] [2026-06-16T22:20:49.915Z] [update-default-us-central1-steamLogin] Retrying task index 0
[debug] [2026-06-16T22:20:49.915Z] Checked if tokens are valid: true, expires at: 1781649859103
[debug] [2026-06-16T22:20:49.915Z] Checked if tokens are valid: true, expires at: 1781649859103
[debug] [2026-06-16T22:20:49.915Z] >>> [apiv2][query] GET https://cloudfunctions.googleapis.com/v2/projects/synapse-cs/locations/us-central1/operations/operation-1781648442137-654665a821c10-5719802b-0560a401 [none]
[debug] [2026-06-16T22:20:50.883Z] <<< [apiv2][status] GET https://cloudfunctions.googleapis.com/v2/projects/synapse-cs/locations/us-central1/operations/operation-1781648442137-654665a821c10-5719802b-0560a401 200
[debug] [2026-06-16T22:20:50.884Z] <<< [apiv2][body] GET https://cloudfunctions.googleapis.com/v2/projects/synapse-cs/locations/us-central1/operations/operation-1781648442137-654665a821c10-5719802b-0560a401 {"name":"projects/synapse-cs/locations/us-central1/operations/operation-1781648442137-654665a821c10-5719802b-0560a401","metadata":{"@type":"type.googleapis.com/google.cloud.functions.v2.OperationMetadata","createTime":"2026-06-16T22:20:43.024771139Z","target":"projects/synapse-cs/locations/us-central1/functions/steamLogin","verb":"update","cancelRequested":false,"apiVersion":"v2","requestResource":{"@type":"type.googleapis.com/google.cloud.functions.v2.Function","name":"projects/synapse-cs/locations/us-central1/functions/steamLogin","buildConfig":{"runtime":"nodejs20","entryPoint":"steamLogin","source":{"storageSource":{"bucket":"gcf-v2-sources-847687663798-us-central1","object":"steamLogin/function-source.zip","generation":"1781648442973404"}},"environmentVariables":{"GOOGLE_NODE_RUN_SCRIPTS":""},"dockerRepository":"projects/synapse-cs/locations/us-central1/repositories/gcf-artifacts","sourceProvenance":{"resolvedStorageSource":{"bucket":"gcf-v2-sources-847687663798-us-central1","object":"steamLogin/function-source.zip","generation":"1781647700887186"}},"dockerRegistry":"ARTIFACT_REGISTRY","serviceAccount":"projects/synapse-cs/serviceAccounts/847687663798-compute@developer.gserviceaccount.com","automaticUpdatePolicy":{}},"serviceConfig":{"service":"projects/synapse-cs/locations/us-central1/services/steamlogin","timeoutSeconds":60,"environmentVariables":{"FIREBASE_CONFIG":"{\"projectId\":\"synapse-cs\",\"storageBucket\":\"synapse-cs.firebasestorage.app\"}","GCLOUD_PROJECT":"synapse-cs","EVENTARC_CLOUD_EVENT_SOURCE":"projects/synapse-cs/locations/us-central1/services/steamLogin","FUNCTION_TARGET":"steamLogin","LOG_EXECUTION_ID":"true"},"ingressSettings":"ALLOW_ALL","uri":"https://steamlogin-bx52x5erya-uc.a.run.app","serviceAccountEmail":"847687663798-compute@developer.gserviceaccount.com","availableMemory":"256Mi","allTrafficOnLatestRevision":true,"secretEnvironmentVariables":[{"key":"STEAM_API_KEY","projectId":"synapse-cs","secret":"STEAM_API_KEY","version":"1"}],"revision":"steamlogin-00001-fet","maxInstanceRequestConcurrency":80,"availableCpu":"1"},"state":"ACTIVE","labels":{"deployment-tool":"cloudfunctions","firebase-functions-hash":"48873fbc84636facfdf2beb0e6b29d2f7751f3c3"},"environment":"GEN_2","url":"https://us-central1-synapse-cs.cloudfunctions.net/steamLogin","satisfiesPzi":true},"stages":[{"name":"BUILD","message":"Build in progress","state":"IN_PROGRESS","resource":"projects/847687663798/locations/us-central1/builds/81ce678b-47a3-4cc9-8bda-ab5f458a4940","resourceUri":"https://console.cloud.google.com/cloud-build/builds;region=us-central1/81ce678b-47a3-4cc9-8bda-ab5f458a4940?project=847687663798"},{"name":"SERVICE","state":"NOT_STARTED"}],"operationType":"UPDATE_FUNCTION","buildName":"projects/847687663798/locations/us-central1/builds/81ce678b-47a3-4cc9-8bda-ab5f458a4940"},"done":false}
[debug] [2026-06-16T22:20:54.884Z] [update-default-us-central1-steamLogin] Retrying task index 0
[debug] [2026-06-16T22:20:54.884Z] Checked if tokens are valid: true, expires at: 1781649859103
[debug] [2026-06-16T22:20:54.884Z] Checked if tokens are valid: true, expires at: 1781649859103
[debug] [2026-06-16T22:20:54.884Z] >>> [apiv2][query] GET https://cloudfunctions.googleapis.com/v2/projects/synapse-cs/locations/us-central1/operations/operation-1781648442137-654665a821c10-5719802b-0560a401 [none]
[debug] [2026-06-16T22:20:55.932Z] <<< [apiv2][status] GET https://cloudfunctions.googleapis.com/v2/projects/synapse-cs/locations/us-central1/operations/operation-1781648442137-654665a821c10-5719802b-0560a401 200
[debug] [2026-06-16T22:20:55.932Z] <<< [apiv2][body] GET https://cloudfunctions.googleapis.com/v2/projects/synapse-cs/locations/us-central1/operations/operation-1781648442137-654665a821c10-5719802b-0560a401 {"name":"projects/synapse-cs/locations/us-central1/operations/operation-1781648442137-654665a821c10-5719802b-0560a401","metadata":{"@type":"type.googleapis.com/google.cloud.functions.v2.OperationMetadata","createTime":"2026-06-16T22:20:43.024771139Z","target":"projects/synapse-cs/locations/us-central1/functions/steamLogin","verb":"update","cancelRequested":false,"apiVersion":"v2","requestResource":{"@type":"type.googleapis.com/google.cloud.functions.v2.Function","name":"projects/synapse-cs/locations/us-central1/functions/steamLogin","buildConfig":{"runtime":"nodejs20","entryPoint":"steamLogin","source":{"storageSource":{"bucket":"gcf-v2-sources-847687663798-us-central1","object":"steamLogin/function-source.zip","generation":"1781648442973404"}},"environmentVariables":{"GOOGLE_NODE_RUN_SCRIPTS":""},"dockerRepository":"projects/synapse-cs/locations/us-central1/repositories/gcf-artifacts","sourceProvenance":{"resolvedStorageSource":{"bucket":"gcf-v2-sources-847687663798-us-central1","object":"steamLogin/function-source.zip","generation":"1781647700887186"}},"dockerRegistry":"ARTIFACT_REGISTRY","serviceAccount":"projects/synapse-cs/serviceAccounts/847687663798-compute@developer.gserviceaccount.com","automaticUpdatePolicy":{}},"serviceConfig":{"service":"projects/synapse-cs/locations/us-central1/services/steamlogin","timeoutSeconds":60,"environmentVariables":{"FIREBASE_CONFIG":"{\"projectId\":\"synapse-cs\",\"storageBucket\":\"synapse-cs.firebasestorage.app\"}","GCLOUD_PROJECT":"synapse-cs","EVENTARC_CLOUD_EVENT_SOURCE":"projects/synapse-cs/locations/us-central1/services/steamLogin","FUNCTION_TARGET":"steamLogin","LOG_EXECUTION_ID":"true"},"ingressSettings":"ALLOW_ALL","uri":"https://steamlogin-bx52x5erya-uc.a.run.app","serviceAccountEmail":"847687663798-compute@developer.gserviceaccount.com","availableMemory":"256Mi","allTrafficOnLatestRevision":true,"secretEnvironmentVariables":[{"key":"STEAM_API_KEY","projectId":"synapse-cs","secret":"STEAM_API_KEY","version":"1"}],"revision":"steamlogin-00001-fet","maxInstanceRequestConcurrency":80,"availableCpu":"1"},"state":"ACTIVE","labels":{"deployment-tool":"cloudfunctions","firebase-functions-hash":"48873fbc84636facfdf2beb0e6b29d2f7751f3c3"},"environment":"GEN_2","url":"https://us-central1-synapse-cs.cloudfunctions.net/steamLogin","satisfiesPzi":true},"stages":[{"name":"BUILD","message":"Build in progress","state":"IN_PROGRESS","resource":"projects/847687663798/locations/us-central1/builds/81ce678b-47a3-4cc9-8bda-ab5f458a4940","resourceUri":"https://console.cloud.google.com/cloud-build/builds;region=us-central1/81ce678b-47a3-4cc9-8bda-ab5f458a4940?project=847687663798"},{"name":"SERVICE","state":"NOT_STARTED"}],"operationType":"UPDATE_FUNCTION","buildName":"projects/847687663798/locations/us-central1/builds/81ce678b-47a3-4cc9-8bda-ab5f458a4940"},"done":false}
[debug] [2026-06-16T22:21:03.933Z] [update-default-us-central1-steamLogin] Retrying task index 0
[debug] [2026-06-16T22:21:03.933Z] Checked if tokens are valid: true, expires at: 1781649859103
[debug] [2026-06-16T22:21:03.933Z] Checked if tokens are valid: true, expires at: 1781649859103
[debug] [2026-06-16T22:21:03.933Z] >>> [apiv2][query] GET https://cloudfunctions.googleapis.com/v2/projects/synapse-cs/locations/us-central1/operations/operation-1781648442137-654665a821c10-5719802b-0560a401 [none]
[debug] [2026-06-16T22:21:04.961Z] <<< [apiv2][status] GET https://cloudfunctions.googleapis.com/v2/projects/synapse-cs/locations/us-central1/operations/operation-1781648442137-654665a821c10-5719802b-0560a401 200
[debug] [2026-06-16T22:21:04.961Z] <<< [apiv2][body] GET https://cloudfunctions.googleapis.com/v2/projects/synapse-cs/locations/us-central1/operations/operation-1781648442137-654665a821c10-5719802b-0560a401 {"name":"projects/synapse-cs/locations/us-central1/operations/operation-1781648442137-654665a821c10-5719802b-0560a401","metadata":{"@type":"type.googleapis.com/google.cloud.functions.v2.OperationMetadata","createTime":"2026-06-16T22:20:43.024771139Z","target":"projects/synapse-cs/locations/us-central1/functions/steamLogin","verb":"update","cancelRequested":false,"apiVersion":"v2","requestResource":{"@type":"type.googleapis.com/google.cloud.functions.v2.Function","name":"projects/synapse-cs/locations/us-central1/functions/steamLogin","buildConfig":{"runtime":"nodejs20","entryPoint":"steamLogin","source":{"storageSource":{"bucket":"gcf-v2-sources-847687663798-us-central1","object":"steamLogin/function-source.zip","generation":"1781648442973404"}},"environmentVariables":{"GOOGLE_NODE_RUN_SCRIPTS":""},"dockerRepository":"projects/synapse-cs/locations/us-central1/repositories/gcf-artifacts","sourceProvenance":{"resolvedStorageSource":{"bucket":"gcf-v2-sources-847687663798-us-central1","object":"steamLogin/function-source.zip","generation":"1781647700887186"}},"dockerRegistry":"ARTIFACT_REGISTRY","serviceAccount":"projects/synapse-cs/serviceAccounts/847687663798-compute@developer.gserviceaccount.com","automaticUpdatePolicy":{}},"serviceConfig":{"service":"projects/synapse-cs/locations/us-central1/services/steamlogin","timeoutSeconds":60,"environmentVariables":{"FIREBASE_CONFIG":"{\"projectId\":\"synapse-cs\",\"storageBucket\":\"synapse-cs.firebasestorage.app\"}","GCLOUD_PROJECT":"synapse-cs","EVENTARC_CLOUD_EVENT_SOURCE":"projects/synapse-cs/locations/us-central1/services/steamLogin","FUNCTION_TARGET":"steamLogin","LOG_EXECUTION_ID":"true"},"ingressSettings":"ALLOW_ALL","uri":"https://steamlogin-bx52x5erya-uc.a.run.app","serviceAccountEmail":"847687663798-compute@developer.gserviceaccount.com","availableMemory":"256Mi","allTrafficOnLatestRevision":true,"secretEnvironmentVariables":[{"key":"STEAM_API_KEY","projectId":"synapse-cs","secret":"STEAM_API_KEY","version":"1"}],"revision":"steamlogin-00001-fet","maxInstanceRequestConcurrency":80,"availableCpu":"1"},"state":"ACTIVE","labels":{"deployment-tool":"cloudfunctions","firebase-functions-hash":"48873fbc84636facfdf2beb0e6b29d2f7751f3c3"},"environment":"GEN_2","url":"https://us-central1-synapse-cs.cloudfunctions.net/steamLogin","satisfiesPzi":true},"stages":[{"name":"BUILD","message":"Build in progress","state":"IN_PROGRESS","resource":"projects/847687663798/locations/us-central1/builds/81ce678b-47a3-4cc9-8bda-ab5f458a4940","resourceUri":"https://console.cloud.google.com/cloud-build/builds;region=us-central1/81ce678b-47a3-4cc9-8bda-ab5f458a4940?project=847687663798"},{"name":"SERVICE","state":"NOT_STARTED"}],"operationType":"UPDATE_FUNCTION","buildName":"projects/847687663798/locations/us-central1/builds/81ce678b-47a3-4cc9-8bda-ab5f458a4940"},"done":false}
[debug] [2026-06-16T22:21:14.961Z] [update-default-us-central1-steamLogin] Retrying task index 0
[debug] [2026-06-16T22:21:14.962Z] Checked if tokens are valid: true, expires at: 1781649859103
[debug] [2026-06-16T22:21:14.962Z] Checked if tokens are valid: true, expires at: 1781649859103
[debug] [2026-06-16T22:21:14.962Z] >>> [apiv2][query] GET https://cloudfunctions.googleapis.com/v2/projects/synapse-cs/locations/us-central1/operations/operation-1781648442137-654665a821c10-5719802b-0560a401 [none]
[debug] [2026-06-16T22:21:16.019Z] <<< [apiv2][status] GET https://cloudfunctions.googleapis.com/v2/projects/synapse-cs/locations/us-central1/operations/operation-1781648442137-654665a821c10-5719802b-0560a401 200
[debug] [2026-06-16T22:21:16.019Z] <<< [apiv2][body] GET https://cloudfunctions.googleapis.com/v2/projects/synapse-cs/locations/us-central1/operations/operation-1781648442137-654665a821c10-5719802b-0560a401 {"name":"projects/synapse-cs/locations/us-central1/operations/operation-1781648442137-654665a821c10-5719802b-0560a401","metadata":{"@type":"type.googleapis.com/google.cloud.functions.v2.OperationMetadata","createTime":"2026-06-16T22:20:43.024771139Z","target":"projects/synapse-cs/locations/us-central1/functions/steamLogin","verb":"update","cancelRequested":false,"apiVersion":"v2","requestResource":{"@type":"type.googleapis.com/google.cloud.functions.v2.Function","name":"projects/synapse-cs/locations/us-central1/functions/steamLogin","buildConfig":{"runtime":"nodejs20","entryPoint":"steamLogin","source":{"storageSource":{"bucket":"gcf-v2-sources-847687663798-us-central1","object":"steamLogin/function-source.zip","generation":"1781648442973404"}},"environmentVariables":{"GOOGLE_NODE_RUN_SCRIPTS":""},"dockerRepository":"projects/synapse-cs/locations/us-central1/repositories/gcf-artifacts","sourceProvenance":{"resolvedStorageSource":{"bucket":"gcf-v2-sources-847687663798-us-central1","object":"steamLogin/function-source.zip","generation":"1781647700887186"}},"dockerRegistry":"ARTIFACT_REGISTRY","serviceAccount":"projects/synapse-cs/serviceAccounts/847687663798-compute@developer.gserviceaccount.com","automaticUpdatePolicy":{}},"serviceConfig":{"service":"projects/synapse-cs/locations/us-central1/services/steamlogin","timeoutSeconds":60,"environmentVariables":{"FIREBASE_CONFIG":"{\"projectId\":\"synapse-cs\",\"storageBucket\":\"synapse-cs.firebasestorage.app\"}","GCLOUD_PROJECT":"synapse-cs","EVENTARC_CLOUD_EVENT_SOURCE":"projects/synapse-cs/locations/us-central1/services/steamLogin","FUNCTION_TARGET":"steamLogin","LOG_EXECUTION_ID":"true"},"ingressSettings":"ALLOW_ALL","uri":"https://steamlogin-bx52x5erya-uc.a.run.app","serviceAccountEmail":"847687663798-compute@developer.gserviceaccount.com","availableMemory":"256Mi","allTrafficOnLatestRevision":true,"secretEnvironmentVariables":[{"key":"STEAM_API_KEY","projectId":"synapse-cs","secret":"STEAM_API_KEY","version":"1"}],"revision":"steamlogin-00001-fet","maxInstanceRequestConcurrency":80,"availableCpu":"1"},"state":"ACTIVE","labels":{"deployment-tool":"cloudfunctions","firebase-functions-hash":"48873fbc84636facfdf2beb0e6b29d2f7751f3c3"},"environment":"GEN_2","url":"https://us-central1-synapse-cs.cloudfunctions.net/steamLogin","satisfiesPzi":true},"stages":[{"name":"BUILD","message":"Build in progress","state":"IN_PROGRESS","resource":"projects/847687663798/locations/us-central1/builds/81ce678b-47a3-4cc9-8bda-ab5f458a4940","resourceUri":"https://console.cloud.google.com/cloud-build/builds;region=us-central1/81ce678b-47a3-4cc9-8bda-ab5f458a4940?project=847687663798"},{"name":"SERVICE","state":"NOT_STARTED"}],"operationType":"UPDATE_FUNCTION","buildName":"projects/847687663798/locations/us-central1/builds/81ce678b-47a3-4cc9-8bda-ab5f458a4940"},"done":false}
[debug] [2026-06-16T22:21:26.020Z] [update-default-us-central1-steamLogin] Retrying task index 0
[debug] [2026-06-16T22:21:26.020Z] Checked if tokens are valid: true, expires at: 1781649859103
[debug] [2026-06-16T22:21:26.020Z] Checked if tokens are valid: true, expires at: 1781649859103
[debug] [2026-06-16T22:21:26.020Z] >>> [apiv2][query] GET https://cloudfunctions.googleapis.com/v2/projects/synapse-cs/locations/us-central1/operations/operation-1781648442137-654665a821c10-5719802b-0560a401 [none]
[debug] [2026-06-16T22:21:27.526Z] <<< [apiv2][status] GET https://cloudfunctions.googleapis.com/v2/projects/synapse-cs/locations/us-central1/operations/operation-1781648442137-654665a821c10-5719802b-0560a401 200
[debug] [2026-06-16T22:21:27.526Z] <<< [apiv2][body] GET https://cloudfunctions.googleapis.com/v2/projects/synapse-cs/locations/us-central1/operations/operation-1781648442137-654665a821c10-5719802b-0560a401 {"name":"projects/synapse-cs/locations/us-central1/operations/operation-1781648442137-654665a821c10-5719802b-0560a401","metadata":{"@type":"type.googleapis.com/google.cloud.functions.v2.OperationMetadata","createTime":"2026-06-16T22:20:43.024771139Z","target":"projects/synapse-cs/locations/us-central1/functions/steamLogin","verb":"update","cancelRequested":false,"apiVersion":"v2","requestResource":{"@type":"type.googleapis.com/google.cloud.functions.v2.Function","name":"projects/synapse-cs/locations/us-central1/functions/steamLogin","buildConfig":{"runtime":"nodejs20","entryPoint":"steamLogin","source":{"storageSource":{"bucket":"gcf-v2-sources-847687663798-us-central1","object":"steamLogin/function-source.zip","generation":"1781648442973404"}},"environmentVariables":{"GOOGLE_NODE_RUN_SCRIPTS":""},"dockerRepository":"projects/synapse-cs/locations/us-central1/repositories/gcf-artifacts","sourceProvenance":{"resolvedStorageSource":{"bucket":"gcf-v2-sources-847687663798-us-central1","object":"steamLogin/function-source.zip","generation":"1781647700887186"}},"dockerRegistry":"ARTIFACT_REGISTRY","serviceAccount":"projects/synapse-cs/serviceAccounts/847687663798-compute@developer.gserviceaccount.com","automaticUpdatePolicy":{}},"serviceConfig":{"service":"projects/synapse-cs/locations/us-central1/services/steamlogin","timeoutSeconds":60,"environmentVariables":{"FIREBASE_CONFIG":"{\"projectId\":\"synapse-cs\",\"storageBucket\":\"synapse-cs.firebasestorage.app\"}","GCLOUD_PROJECT":"synapse-cs","EVENTARC_CLOUD_EVENT_SOURCE":"projects/synapse-cs/locations/us-central1/services/steamLogin","FUNCTION_TARGET":"steamLogin","LOG_EXECUTION_ID":"true"},"ingressSettings":"ALLOW_ALL","uri":"https://steamlogin-bx52x5erya-uc.a.run.app","serviceAccountEmail":"847687663798-compute@developer.gserviceaccount.com","availableMemory":"256Mi","allTrafficOnLatestRevision":true,"secretEnvironmentVariables":[{"key":"STEAM_API_KEY","projectId":"synapse-cs","secret":"STEAM_API_KEY","version":"1"}],"revision":"steamlogin-00001-fet","maxInstanceRequestConcurrency":80,"availableCpu":"1"},"state":"ACTIVE","labels":{"deployment-tool":"cloudfunctions","firebase-functions-hash":"48873fbc84636facfdf2beb0e6b29d2f7751f3c3"},"environment":"GEN_2","url":"https://us-central1-synapse-cs.cloudfunctions.net/steamLogin","satisfiesPzi":true},"stages":[{"name":"BUILD","message":"Build finished","state":"COMPLETE","resource":"projects/847687663798/locations/us-central1/builds/81ce678b-47a3-4cc9-8bda-ab5f458a4940","resourceUri":"https://console.cloud.google.com/cloud-build/builds;region=us-central1/81ce678b-47a3-4cc9-8bda-ab5f458a4940?project=847687663798"},{"name":"SERVICE","message":"Updating Cloud Run service","state":"IN_PROGRESS","resource":"projects/synapse-cs/locations/us-central1/services/steamlogin","resourceUri":"https://console.cloud.google.com/run/detail/us-central1/steamlogin?project=synapse-cs","stateMessages":[{"severity":"INFO","type":"CloudRunServiceNewRevisionTrafficInfo","message":"A new revision will be deployed serving with 100% traffic."}]}],"sourceToken":"Cldwcm9qZWN0cy84NDc2ODc2NjM3OTgvbG9jYXRpb25zL3VzLWNlbnRyYWwxL2J1aWxkcy84MWNlNjc4Yi00N2EzLTRjYzktOGJkYS1hYjVmNDU4YTQ5NDASZHVzLWNlbnRyYWwxLWRvY2tlci5wa2cuZGV2L3N5bmFwc2UtY3MvZ2NmLWFydGlmYWN0cy9zeW5hcHNlLS1jc19fdXMtLWNlbnRyYWwxX19zdGVhbV9sb2dpbjp2ZXJzaW9uXzEYtoH98NUYIj5wcm9qZWN0cy9zeW5hcHNlLWNzL2xvY2F0aW9ucy91cy1jZW50cmFsMS9mdW5jdGlvbnMvc3RlYW1Mb2dpbioMCOOYx9EGEOic1LIBMghub2RlanMyMDp2CiNnY3IuaW8vZ2FlLXJ1bnRpbWVzL25vZGVqczIwOnN0YWJsZRJPdXMtY2VudHJhbDEtZG9ja2VyLnBrZy5kZXYvc2VydmVybGVzcy1ydW50aW1lcy9nb29nbGUtMjItZnVsbC9ydW50aW1lcy9ub2RlanMyMEAB","operationType":"UPDATE_FUNCTION","buildName":"projects/847687663798/locations/us-central1/builds/81ce678b-47a3-4cc9-8bda-ab5f458a4940"},"done":false}
[debug] [2026-06-16T22:21:27.526Z] Got source token Cldwcm9qZWN0cy84NDc2ODc2NjM3OTgvbG9jYXRpb25zL3VzLWNlbnRyYWwxL2J1aWxkcy84MWNlNjc4Yi00N2EzLTRjYzktOGJkYS1hYjVmNDU4YTQ5NDASZHVzLWNlbnRyYWwxLWRvY2tlci5wa2cuZGV2L3N5bmFwc2UtY3MvZ2NmLWFydGlmYWN0cy9zeW5hcHNlLS1jc19fdXMtLWNlbnRyYWwxX19zdGVhbV9sb2dpbjp2ZXJzaW9uXzEYtoH98NUYIj5wcm9qZWN0cy9zeW5hcHNlLWNzL2xvY2F0aW9ucy91cy1jZW50cmFsMS9mdW5jdGlvbnMvc3RlYW1Mb2dpbioMCOOYx9EGEOic1LIBMghub2RlanMyMDp2CiNnY3IuaW8vZ2FlLXJ1bnRpbWVzL25vZGVqczIwOnN0YWJsZRJPdXMtY2VudHJhbDEtZG9ja2VyLnBrZy5kZXYvc2VydmVybGVzcy1ydW50aW1lcy9nb29nbGUtMjItZnVsbC9ydW50aW1lcy9ub2RlanMyMEAB for region us-central1
[debug] [2026-06-16T22:21:27.526Z] Checked if tokens are valid: true, expires at: 1781649859103
[debug] [2026-06-16T22:21:27.526Z] Checked if tokens are valid: true, expires at: 1781649859103
[debug] [2026-06-16T22:21:27.526Z] Checked if tokens are valid: true, expires at: 1781649859103
[debug] [2026-06-16T22:21:27.526Z] Checked if tokens are valid: true, expires at: 1781649859103
[debug] [2026-06-16T22:21:27.526Z] Checked if tokens are valid: true, expires at: 1781649859103
[debug] [2026-06-16T22:21:27.526Z] Checked if tokens are valid: true, expires at: 1781649859103
[debug] [2026-06-16T22:21:27.526Z] Checked if tokens are valid: true, expires at: 1781649859103
[debug] [2026-06-16T22:21:27.526Z] Checked if tokens are valid: true, expires at: 1781649859103
[debug] [2026-06-16T22:21:27.526Z] Checked if tokens are valid: true, expires at: 1781649859103
[debug] [2026-06-16T22:21:27.526Z] Checked if tokens are valid: true, expires at: 1781649859103
[debug] [2026-06-16T22:21:27.527Z] >>> [apiv2][query] PATCH https://cloudfunctions.googleapis.com/v2/projects/synapse-cs/locations/us-central1/functions/faceitStats updateMask=name%2CbuildConfig.runtime%2CbuildConfig.entryPoint%2CbuildConfig.source.storageSource.bucket%2CbuildConfig.source.storageSource.object%2CbuildConfig.environmentVariables%2CbuildConfig.sourceToken%2CserviceConfig.environmentVariables%2CserviceConfig.ingressSettings%2CserviceConfig.timeoutSeconds%2CserviceConfig.serviceAccountEmail%2CserviceConfig.availableMemory%2CserviceConfig.minInstanceCount%2CserviceConfig.maxInstanceCount%2CserviceConfig.maxInstanceRequestConcurrency%2CserviceConfig.availableCpu%2CserviceConfig.vpcConnector%2CserviceConfig.vpcConnectorEgressSettings%2Clabels
[debug] [2026-06-16T22:21:27.527Z] >>> [apiv2][body] PATCH https://cloudfunctions.googleapis.com/v2/projects/synapse-cs/locations/us-central1/functions/faceitStats {"name":"projects/synapse-cs/locations/us-central1/functions/faceitStats","buildConfig":{"runtime":"nodejs20","entryPoint":"faceitStats","source":{"storageSource":{"bucket":"gcf-v2-uploads-847687663798.us-central1.cloudfunctions.appspot.com","object":"b1e01b07-f9b3-4bde-890b-8386b7b69c03.zip"}},"environmentVariables":{"GOOGLE_NODE_RUN_SCRIPTS":""},"sourceToken":"Cldwcm9qZWN0cy84NDc2ODc2NjM3OTgvbG9jYXRpb25zL3VzLWNlbnRyYWwxL2J1aWxkcy84MWNlNjc4Yi00N2EzLTRjYzktOGJkYS1hYjVmNDU4YTQ5NDASZHVzLWNlbnRyYWwxLWRvY2tlci5wa2cuZGV2L3N5bmFwc2UtY3MvZ2NmLWFydGlmYWN0cy9zeW5hcHNlLS1jc19fdXMtLWNlbnRyYWwxX19zdGVhbV9sb2dpbjp2ZXJzaW9uXzEYtoH98NUYIj5wcm9qZWN0cy9zeW5hcHNlLWNzL2xvY2F0aW9ucy91cy1jZW50cmFsMS9mdW5jdGlvbnMvc3RlYW1Mb2dpbioMCOOYx9EGEOic1LIBMghub2RlanMyMDp2CiNnY3IuaW8vZ2FlLXJ1bnRpbWVzL25vZGVqczIwOnN0YWJsZRJPdXMtY2VudHJhbDEtZG9ja2VyLnBrZy5kZXYvc2VydmVybGVzcy1ydW50aW1lcy9nb29nbGUtMjItZnVsbC9ydW50aW1lcy9ub2RlanMyMEAB"},"serviceConfig":{"environmentVariables":{"FIREBASE_CONFIG":"{\"projectId\":\"synapse-cs\",\"storageBucket\":\"synapse-cs.firebasestorage.app\"}","GCLOUD_PROJECT":"synapse-cs","EVENTARC_CLOUD_EVENT_SOURCE":"projects/synapse-cs/locations/us-central1/services/faceitStats","FUNCTION_TARGET":"faceitStats","LOG_EXECUTION_ID":"true","FUNCTION_SIGNATURE_TYPE":"http"},"ingressSettings":null,"timeoutSeconds":null,"serviceAccountEmail":null,"availableMemory":"256Mi","minInstanceCount":null,"maxInstanceCount":null,"maxInstanceRequestConcurrency":80,"availableCpu":"1","vpcConnector":null,"vpcConnectorEgressSettings":null},"labels":{"deployment-tool":"cli-firebase","firebase-functions-hash":"020efb42b6166a9e2be15f2207bf4e6cbd01ca99"}}
[debug] [2026-06-16T22:21:27.527Z] >>> [apiv2][query] PATCH https://cloudfunctions.googleapis.com/v2/projects/synapse-cs/locations/us-central1/functions/faceitHistory updateMask=name%2CbuildConfig.runtime%2CbuildConfig.entryPoint%2CbuildConfig.source.storageSource.bucket%2CbuildConfig.source.storageSource.object%2CbuildConfig.environmentVariables%2CbuildConfig.sourceToken%2CserviceConfig.environmentVariables%2CserviceConfig.ingressSettings%2CserviceConfig.timeoutSeconds%2CserviceConfig.serviceAccountEmail%2CserviceConfig.availableMemory%2CserviceConfig.minInstanceCount%2CserviceConfig.maxInstanceCount%2CserviceConfig.maxInstanceRequestConcurrency%2CserviceConfig.availableCpu%2CserviceConfig.vpcConnector%2CserviceConfig.vpcConnectorEgressSettings%2Clabels
[debug] [2026-06-16T22:21:27.527Z] >>> [apiv2][body] PATCH https://cloudfunctions.googleapis.com/v2/projects/synapse-cs/locations/us-central1/functions/faceitHistory {"name":"projects/synapse-cs/locations/us-central1/functions/faceitHistory","buildConfig":{"runtime":"nodejs20","entryPoint":"faceitHistory","source":{"storageSource":{"bucket":"gcf-v2-uploads-847687663798.us-central1.cloudfunctions.appspot.com","object":"b1e01b07-f9b3-4bde-890b-8386b7b69c03.zip"}},"environmentVariables":{"GOOGLE_NODE_RUN_SCRIPTS":""},"sourceToken":"Cldwcm9qZWN0cy84NDc2ODc2NjM3OTgvbG9jYXRpb25zL3VzLWNlbnRyYWwxL2J1aWxkcy84MWNlNjc4Yi00N2EzLTRjYzktOGJkYS1hYjVmNDU4YTQ5NDASZHVzLWNlbnRyYWwxLWRvY2tlci5wa2cuZGV2L3N5bmFwc2UtY3MvZ2NmLWFydGlmYWN0cy9zeW5hcHNlLS1jc19fdXMtLWNlbnRyYWwxX19zdGVhbV9sb2dpbjp2ZXJzaW9uXzEYtoH98NUYIj5wcm9qZWN0cy9zeW5hcHNlLWNzL2xvY2F0aW9ucy91cy1jZW50cmFsMS9mdW5jdGlvbnMvc3RlYW1Mb2dpbioMCOOYx9EGEOic1LIBMghub2RlanMyMDp2CiNnY3IuaW8vZ2FlLXJ1bnRpbWVzL25vZGVqczIwOnN0YWJsZRJPdXMtY2VudHJhbDEtZG9ja2VyLnBrZy5kZXYvc2VydmVybGVzcy1ydW50aW1lcy9nb29nbGUtMjItZnVsbC9ydW50aW1lcy9ub2RlanMyMEAB"},"serviceConfig":{"environmentVariables":{"FIREBASE_CONFIG":"{\"projectId\":\"synapse-cs\",\"storageBucket\":\"synapse-cs.firebasestorage.app\"}","GCLOUD_PROJECT":"synapse-cs","EVENTARC_CLOUD_EVENT_SOURCE":"projects/synapse-cs/locations/us-central1/services/faceitHistory","FUNCTION_TARGET":"faceitHistory","LOG_EXECUTION_ID":"true","FUNCTION_SIGNATURE_TYPE":"http"},"ingressSettings":null,"timeoutSeconds":null,"serviceAccountEmail":null,"availableMemory":"256Mi","minInstanceCount":null,"maxInstanceCount":null,"maxInstanceRequestConcurrency":80,"availableCpu":"1","vpcConnector":null,"vpcConnectorEgressSettings":null},"labels":{"deployment-tool":"cli-firebase","firebase-functions-hash":"020efb42b6166a9e2be15f2207bf4e6cbd01ca99"}}
[debug] [2026-06-16T22:21:27.528Z] >>> [apiv2][query] PATCH https://cloudfunctions.googleapis.com/v2/projects/synapse-cs/locations/us-central1/functions/syncLevels updateMask=name%2CbuildConfig.runtime%2CbuildConfig.entryPoint%2CbuildConfig.source.storageSource.bucket%2CbuildConfig.source.storageSource.object%2CbuildConfig.environmentVariables%2CbuildConfig.sourceToken%2CserviceConfig.environmentVariables%2CserviceConfig.ingressSettings%2CserviceConfig.timeoutSeconds%2CserviceConfig.serviceAccountEmail%2CserviceConfig.availableMemory%2CserviceConfig.minInstanceCount%2CserviceConfig.maxInstanceCount%2CserviceConfig.maxInstanceRequestConcurrency%2CserviceConfig.availableCpu%2CserviceConfig.vpcConnector%2CserviceConfig.vpcConnectorEgressSettings%2Clabels
[debug] [2026-06-16T22:21:27.528Z] >>> [apiv2][body] PATCH https://cloudfunctions.googleapis.com/v2/projects/synapse-cs/locations/us-central1/functions/syncLevels {"name":"projects/synapse-cs/locations/us-central1/functions/syncLevels","buildConfig":{"runtime":"nodejs20","entryPoint":"syncLevels","source":{"storageSource":{"bucket":"gcf-v2-uploads-847687663798.us-central1.cloudfunctions.appspot.com","object":"b1e01b07-f9b3-4bde-890b-8386b7b69c03.zip"}},"environmentVariables":{"GOOGLE_NODE_RUN_SCRIPTS":""},"sourceToken":"Cldwcm9qZWN0cy84NDc2ODc2NjM3OTgvbG9jYXRpb25zL3VzLWNlbnRyYWwxL2J1aWxkcy84MWNlNjc4Yi00N2EzLTRjYzktOGJkYS1hYjVmNDU4YTQ5NDASZHVzLWNlbnRyYWwxLWRvY2tlci5wa2cuZGV2L3N5bmFwc2UtY3MvZ2NmLWFydGlmYWN0cy9zeW5hcHNlLS1jc19fdXMtLWNlbnRyYWwxX19zdGVhbV9sb2dpbjp2ZXJzaW9uXzEYtoH98NUYIj5wcm9qZWN0cy9zeW5hcHNlLWNzL2xvY2F0aW9ucy91cy1jZW50cmFsMS9mdW5jdGlvbnMvc3RlYW1Mb2dpbioMCOOYx9EGEOic1LIBMghub2RlanMyMDp2CiNnY3IuaW8vZ2FlLXJ1bnRpbWVzL25vZGVqczIwOnN0YWJsZRJPdXMtY2VudHJhbDEtZG9ja2VyLnBrZy5kZXYvc2VydmVybGVzcy1ydW50aW1lcy9nb29nbGUtMjItZnVsbC9ydW50aW1lcy9ub2RlanMyMEAB"},"serviceConfig":{"environmentVariables":{"FIREBASE_CONFIG":"{\"projectId\":\"synapse-cs\",\"storageBucket\":\"synapse-cs.firebasestorage.app\"}","GCLOUD_PROJECT":"synapse-cs","EVENTARC_CLOUD_EVENT_SOURCE":"projects/synapse-cs/locations/us-central1/services/syncLevels","FUNCTION_TARGET":"syncLevels","LOG_EXECUTION_ID":"true","FUNCTION_SIGNATURE_TYPE":"http"},"ingressSettings":null,"timeoutSeconds":null,"serviceAccountEmail":null,"availableMemory":"256Mi","minInstanceCount":null,"maxInstanceCount":null,"maxInstanceRequestConcurrency":80,"availableCpu":"1","vpcConnector":null,"vpcConnectorEgressSettings":null},"labels":{"deployment-tool":"cli-firebase","firebase-functions-hash":"020efb42b6166a9e2be15f2207bf4e6cbd01ca99"}}
[debug] [2026-06-16T22:21:27.529Z] >>> [apiv2][query] PATCH https://cloudfunctions.googleapis.com/v2/projects/synapse-cs/locations/us-central1/functions/receiveMatchStats updateMask=name%2CbuildConfig.runtime%2CbuildConfig.entryPoint%2CbuildConfig.source.storageSource.bucket%2CbuildConfig.source.storageSource.object%2CbuildConfig.environmentVariables%2CbuildConfig.sourceToken%2CserviceConfig.environmentVariables%2CserviceConfig.secretEnvironmentVariables%2CserviceConfig.ingressSettings%2CserviceConfig.timeoutSeconds%2CserviceConfig.serviceAccountEmail%2CserviceConfig.availableMemory%2CserviceConfig.minInstanceCount%2CserviceConfig.maxInstanceCount%2CserviceConfig.maxInstanceRequestConcurrency%2CserviceConfig.availableCpu%2CserviceConfig.vpcConnector%2CserviceConfig.vpcConnectorEgressSettings%2Clabels
[debug] [2026-06-16T22:21:27.529Z] >>> [apiv2][body] PATCH https://cloudfunctions.googleapis.com/v2/projects/synapse-cs/locations/us-central1/functions/receiveMatchStats {"name":"projects/synapse-cs/locations/us-central1/functions/receiveMatchStats","buildConfig":{"runtime":"nodejs20","entryPoint":"receiveMatchStats","source":{"storageSource":{"bucket":"gcf-v2-uploads-847687663798.us-central1.cloudfunctions.appspot.com","object":"b1e01b07-f9b3-4bde-890b-8386b7b69c03.zip"}},"environmentVariables":{"GOOGLE_NODE_RUN_SCRIPTS":""},"sourceToken":"Cldwcm9qZWN0cy84NDc2ODc2NjM3OTgvbG9jYXRpb25zL3VzLWNlbnRyYWwxL2J1aWxkcy84MWNlNjc4Yi00N2EzLTRjYzktOGJkYS1hYjVmNDU4YTQ5NDASZHVzLWNlbnRyYWwxLWRvY2tlci5wa2cuZGV2L3N5bmFwc2UtY3MvZ2NmLWFydGlmYWN0cy9zeW5hcHNlLS1jc19fdXMtLWNlbnRyYWwxX19zdGVhbV9sb2dpbjp2ZXJzaW9uXzEYtoH98NUYIj5wcm9qZWN0cy9zeW5hcHNlLWNzL2xvY2F0aW9ucy91cy1jZW50cmFsMS9mdW5jdGlvbnMvc3RlYW1Mb2dpbioMCOOYx9EGEOic1LIBMghub2RlanMyMDp2CiNnY3IuaW8vZ2FlLXJ1bnRpbWVzL25vZGVqczIwOnN0YWJsZRJPdXMtY2VudHJhbDEtZG9ja2VyLnBrZy5kZXYvc2VydmVybGVzcy1ydW50aW1lcy9nb29nbGUtMjItZnVsbC9ydW50aW1lcy9ub2RlanMyMEAB"},"serviceConfig":{"environmentVariables":{"FIREBASE_CONFIG":"{\"projectId\":\"synapse-cs\",\"storageBucket\":\"synapse-cs.firebasestorage.app\"}","GCLOUD_PROJECT":"synapse-cs","EVENTARC_CLOUD_EVENT_SOURCE":"projects/synapse-cs/locations/us-central1/services/receiveMatchStats","FUNCTION_TARGET":"receiveMatchStats","LOG_EXECUTION_ID":"true","FUNCTION_SIGNATURE_TYPE":"http"},"secretEnvironmentVariables":[{"key":"SYNAPSE_SERVER_SECRET","secret":"SYNAPSE_SERVER_SECRET","projectId":"synapse-cs","version":"1"}],"ingressSettings":null,"timeoutSeconds":null,"serviceAccountEmail":null,"availableMemory":"256Mi","minInstanceCount":null,"maxInstanceCount":null,"maxInstanceRequestConcurrency":80,"availableCpu":"1","vpcConnector":null,"vpcConnectorEgressSettings":null},"labels":{"deployment-tool":"cli-firebase","firebase-functions-hash":"4605589e9225acf233f5a4308be3571620d88fea"}}
[debug] [2026-06-16T22:21:27.530Z] >>> [apiv2][query] PATCH https://cloudfunctions.googleapis.com/v2/projects/synapse-cs/locations/us-central1/functions/updateMixScore updateMask=name%2CbuildConfig.runtime%2CbuildConfig.entryPoint%2CbuildConfig.source.storageSource.bucket%2CbuildConfig.source.storageSource.object%2CbuildConfig.environmentVariables%2CbuildConfig.sourceToken%2CserviceConfig.environmentVariables%2CserviceConfig.ingressSettings%2CserviceConfig.timeoutSeconds%2CserviceConfig.serviceAccountEmail%2CserviceConfig.availableMemory%2CserviceConfig.minInstanceCount%2CserviceConfig.maxInstanceCount%2CserviceConfig.maxInstanceRequestConcurrency%2CserviceConfig.availableCpu%2CserviceConfig.vpcConnector%2CserviceConfig.vpcConnectorEgressSettings%2Clabels
[debug] [2026-06-16T22:21:27.530Z] >>> [apiv2][body] PATCH https://cloudfunctions.googleapis.com/v2/projects/synapse-cs/locations/us-central1/functions/updateMixScore {"name":"projects/synapse-cs/locations/us-central1/functions/updateMixScore","buildConfig":{"runtime":"nodejs20","entryPoint":"updateMixScore","source":{"storageSource":{"bucket":"gcf-v2-uploads-847687663798.us-central1.cloudfunctions.appspot.com","object":"b1e01b07-f9b3-4bde-890b-8386b7b69c03.zip"}},"environmentVariables":{"GOOGLE_NODE_RUN_SCRIPTS":""},"sourceToken":"Cldwcm9qZWN0cy84NDc2ODc2NjM3OTgvbG9jYXRpb25zL3VzLWNlbnRyYWwxL2J1aWxkcy84MWNlNjc4Yi00N2EzLTRjYzktOGJkYS1hYjVmNDU4YTQ5NDASZHVzLWNlbnRyYWwxLWRvY2tlci5wa2cuZGV2L3N5bmFwc2UtY3MvZ2NmLWFydGlmYWN0cy9zeW5hcHNlLS1jc19fdXMtLWNlbnRyYWwxX19zdGVhbV9sb2dpbjp2ZXJzaW9uXzEYtoH98NUYIj5wcm9qZWN0cy9zeW5hcHNlLWNzL2xvY2F0aW9ucy91cy1jZW50cmFsMS9mdW5jdGlvbnMvc3RlYW1Mb2dpbioMCOOYx9EGEOic1LIBMghub2RlanMyMDp2CiNnY3IuaW8vZ2FlLXJ1bnRpbWVzL25vZGVqczIwOnN0YWJsZRJPdXMtY2VudHJhbDEtZG9ja2VyLnBrZy5kZXYvc2VydmVybGVzcy1ydW50aW1lcy9nb29nbGUtMjItZnVsbC9ydW50aW1lcy9ub2RlanMyMEAB"},"serviceConfig":{"environmentVariables":{"FIREBASE_CONFIG":"{\"projectId\":\"synapse-cs\",\"storageBucket\":\"synapse-cs.firebasestorage.app\"}","GCLOUD_PROJECT":"synapse-cs","EVENTARC_CLOUD_EVENT_SOURCE":"projects/synapse-cs/locations/us-central1/services/updateMixScore","FUNCTION_TARGET":"updateMixScore","LOG_EXECUTION_ID":"true","FUNCTION_SIGNATURE_TYPE":"http"},"ingressSettings":null,"timeoutSeconds":null,"serviceAccountEmail":null,"availableMemory":"256Mi","minInstanceCount":null,"maxInstanceCount":null,"maxInstanceRequestConcurrency":80,"availableCpu":"1","vpcConnector":null,"vpcConnectorEgressSettings":null},"labels":{"deployment-tool":"cli-firebase","firebase-functions-hash":"020efb42b6166a9e2be15f2207bf4e6cbd01ca99"}}
[debug] [2026-06-16T22:21:29.349Z] <<< [apiv2][status] PATCH https://cloudfunctions.googleapis.com/v2/projects/synapse-cs/locations/us-central1/functions/receiveMatchStats 200
[debug] [2026-06-16T22:21:29.349Z] <<< [apiv2][body] PATCH https://cloudfunctions.googleapis.com/v2/projects/synapse-cs/locations/us-central1/functions/receiveMatchStats {"name":"projects/synapse-cs/locations/us-central1/operations/operation-1781648488145-654665d402209-d017d83a-696998a3","metadata":{"@type":"type.googleapis.com/google.cloud.functions.v2.OperationMetadata","createTime":"2026-06-16T22:21:28.901644431Z","target":"projects/synapse-cs/locations/us-central1/functions/receiveMatchStats","verb":"update","cancelRequested":false,"apiVersion":"v2"},"done":false}
[debug] [2026-06-16T22:21:29.349Z] Checked if tokens are valid: true, expires at: 1781649859103
[debug] [2026-06-16T22:21:29.349Z] Checked if tokens are valid: true, expires at: 1781649859103
[debug] [2026-06-16T22:21:29.349Z] >>> [apiv2][query] GET https://cloudfunctions.googleapis.com/v2/projects/synapse-cs/locations/us-central1/operations/operation-1781648488145-654665d402209-d017d83a-696998a3 [none]
[debug] [2026-06-16T22:21:29.373Z] <<< [apiv2][status] PATCH https://cloudfunctions.googleapis.com/v2/projects/synapse-cs/locations/us-central1/functions/faceitStats 200
[debug] [2026-06-16T22:21:29.373Z] <<< [apiv2][body] PATCH https://cloudfunctions.googleapis.com/v2/projects/synapse-cs/locations/us-central1/functions/faceitStats {"name":"projects/synapse-cs/locations/us-central1/operations/operation-1781648488115-654665d3fae44-b3a39411-155c7d9c","metadata":{"@type":"type.googleapis.com/google.cloud.functions.v2.OperationMetadata","createTime":"2026-06-16T22:21:28.909305208Z","target":"projects/synapse-cs/locations/us-central1/functions/faceitStats","verb":"update","cancelRequested":false,"apiVersion":"v2"},"done":false}
[debug] [2026-06-16T22:21:29.373Z] Checked if tokens are valid: true, expires at: 1781649859103
[debug] [2026-06-16T22:21:29.373Z] Checked if tokens are valid: true, expires at: 1781649859103
[debug] [2026-06-16T22:21:29.373Z] >>> [apiv2][query] GET https://cloudfunctions.googleapis.com/v2/projects/synapse-cs/locations/us-central1/operations/operation-1781648488115-654665d3fae44-b3a39411-155c7d9c [none]
[debug] [2026-06-16T22:21:29.374Z] <<< [apiv2][status] PATCH https://cloudfunctions.googleapis.com/v2/projects/synapse-cs/locations/us-central1/functions/updateMixScore 200
[debug] [2026-06-16T22:21:29.374Z] <<< [apiv2][body] PATCH https://cloudfunctions.googleapis.com/v2/projects/synapse-cs/locations/us-central1/functions/updateMixScore {"name":"projects/synapse-cs/locations/us-central1/operations/operation-1781648488144-654665d402003-02699133-fef61db2","metadata":{"@type":"type.googleapis.com/google.cloud.functions.v2.OperationMetadata","createTime":"2026-06-16T22:21:28.920137590Z","target":"projects/synapse-cs/locations/us-central1/functions/updateMixScore","verb":"update","cancelRequested":false,"apiVersion":"v2"},"done":false}
[debug] [2026-06-16T22:21:29.374Z] Checked if tokens are valid: true, expires at: 1781649859103
[debug] [2026-06-16T22:21:29.374Z] Checked if tokens are valid: true, expires at: 1781649859103
[debug] [2026-06-16T22:21:29.374Z] >>> [apiv2][query] GET https://cloudfunctions.googleapis.com/v2/projects/synapse-cs/locations/us-central1/operations/operation-1781648488144-654665d402003-02699133-fef61db2 [none]
[debug] [2026-06-16T22:21:29.390Z] <<< [apiv2][status] PATCH https://cloudfunctions.googleapis.com/v2/projects/synapse-cs/locations/us-central1/functions/faceitHistory 200
[debug] [2026-06-16T22:21:29.390Z] <<< [apiv2][body] PATCH https://cloudfunctions.googleapis.com/v2/projects/synapse-cs/locations/us-central1/functions/faceitHistory {"name":"projects/synapse-cs/locations/us-central1/operations/operation-1781648488202-654665d410256-95e28c0e-1a90b249","metadata":{"@type":"type.googleapis.com/google.cloud.functions.v2.OperationMetadata","createTime":"2026-06-16T22:21:28.927135848Z","target":"projects/synapse-cs/locations/us-central1/functions/faceitHistory","verb":"update","cancelRequested":false,"apiVersion":"v2"},"done":false}
[debug] [2026-06-16T22:21:29.390Z] Checked if tokens are valid: true, expires at: 1781649859103
[debug] [2026-06-16T22:21:29.390Z] Checked if tokens are valid: true, expires at: 1781649859103
[debug] [2026-06-16T22:21:29.390Z] >>> [apiv2][query] GET https://cloudfunctions.googleapis.com/v2/projects/synapse-cs/locations/us-central1/operations/operation-1781648488202-654665d410256-95e28c0e-1a90b249 [none]
[debug] [2026-06-16T22:21:29.447Z] <<< [apiv2][status] PATCH https://cloudfunctions.googleapis.com/v2/projects/synapse-cs/locations/us-central1/functions/syncLevels 200
[debug] [2026-06-16T22:21:29.447Z] <<< [apiv2][body] PATCH https://cloudfunctions.googleapis.com/v2/projects/synapse-cs/locations/us-central1/functions/syncLevels {"name":"projects/synapse-cs/locations/us-central1/operations/operation-1781648488228-654665d416527-eea67854-d4ab0c50","metadata":{"@type":"type.googleapis.com/google.cloud.functions.v2.OperationMetadata","createTime":"2026-06-16T22:21:28.990495738Z","target":"projects/synapse-cs/locations/us-central1/functions/syncLevels","verb":"update","cancelRequested":false,"apiVersion":"v2"},"done":false}
[debug] [2026-06-16T22:21:29.447Z] Checked if tokens are valid: true, expires at: 1781649859103
[debug] [2026-06-16T22:21:29.447Z] Checked if tokens are valid: true, expires at: 1781649859103
[debug] [2026-06-16T22:21:29.447Z] >>> [apiv2][query] GET https://cloudfunctions.googleapis.com/v2/projects/synapse-cs/locations/us-central1/operations/operation-1781648488228-654665d416527-eea67854-d4ab0c50 [none]
[debug] [2026-06-16T22:21:30.274Z] <<< [apiv2][status] GET https://cloudfunctions.googleapis.com/v2/projects/synapse-cs/locations/us-central1/operations/operation-1781648488145-654665d402209-d017d83a-696998a3 200
[debug] [2026-06-16T22:21:30.274Z] <<< [apiv2][body] GET https://cloudfunctions.googleapis.com/v2/projects/synapse-cs/locations/us-central1/operations/operation-1781648488145-654665d402209-d017d83a-696998a3 {"name":"projects/synapse-cs/locations/us-central1/operations/operation-1781648488145-654665d402209-d017d83a-696998a3","metadata":{"@type":"type.googleapis.com/google.cloud.functions.v2.OperationMetadata","createTime":"2026-06-16T22:21:28.901644431Z","target":"projects/synapse-cs/locations/us-central1/functions/receiveMatchStats","verb":"update","cancelRequested":false,"apiVersion":"v2","requestResource":{"@type":"type.googleapis.com/google.cloud.functions.v2.Function","name":"projects/synapse-cs/locations/us-central1/functions/receiveMatchStats","buildConfig":{"runtime":"nodejs20","entryPoint":"receiveMatchStats","source":{"storageSource":{"bucket":"gcf-v2-sources-847687663798-us-central1","object":"receiveMatchStats/function-source.zip","generation":"1781648488820639"}},"environmentVariables":{"GOOGLE_NODE_RUN_SCRIPTS":""},"dockerRepository":"projects/synapse-cs/locations/us-central1/repositories/gcf-artifacts","sourceProvenance":{"resolvedStorageSource":{"bucket":"gcf-v2-sources-847687663798-us-central1","object":"receiveMatchStats/function-source.zip","generation":"1781647745197334"}},"dockerRegistry":"ARTIFACT_REGISTRY","sourceToken":"Cldwcm9qZWN0cy84NDc2ODc2NjM3OTgvbG9jYXRpb25zL3VzLWNlbnRyYWwxL2J1aWxkcy84MWNlNjc4Yi00N2EzLTRjYzktOGJkYS1hYjVmNDU4YTQ5NDASZHVzLWNlbnRyYWwxLWRvY2tlci5wa2cuZGV2L3N5bmFwc2UtY3MvZ2NmLWFydGlmYWN0cy9zeW5hcHNlLS1jc19fdXMtLWNlbnRyYWwxX19zdGVhbV9sb2dpbjp2ZXJzaW9uXzEYtoH98NUYIj5wcm9qZWN0cy9zeW5hcHNlLWNzL2xvY2F0aW9ucy91cy1jZW50cmFsMS9mdW5jdGlvbnMvc3RlYW1Mb2dpbioMCOOYx9EGEOic1LIBMghub2RlanMyMDp2CiNnY3IuaW8vZ2FlLXJ1bnRpbWVzL25vZGVqczIwOnN0YWJsZRJPdXMtY2VudHJhbDEtZG9ja2VyLnBrZy5kZXYvc2VydmVybGVzcy1ydW50aW1lcy9nb29nbGUtMjItZnVsbC9ydW50aW1lcy9ub2RlanMyMEAB","serviceAccount":"projects/synapse-cs/serviceAccounts/847687663798-compute@developer.gserviceaccount.com","automaticUpdatePolicy":{}},"serviceConfig":{"service":"projects/synapse-cs/locations/us-central1/services/receivematchstats","timeoutSeconds":60,"environmentVariables":{"FIREBASE_CONFIG":"{\"projectId\":\"synapse-cs\",\"storageBucket\":\"synapse-cs.firebasestorage.app\"}","GCLOUD_PROJECT":"synapse-cs","EVENTARC_CLOUD_EVENT_SOURCE":"projects/synapse-cs/locations/us-central1/services/receiveMatchStats","FUNCTION_TARGET":"receiveMatchStats","LOG_EXECUTION_ID":"true","FUNCTION_SIGNATURE_TYPE":"http"},"ingressSettings":"ALLOW_ALL","uri":"https://receivematchstats-bx52x5erya-uc.a.run.app","serviceAccountEmail":"847687663798-compute@developer.gserviceaccount.com","availableMemory":"256Mi","allTrafficOnLatestRevision":true,"secretEnvironmentVariables":[{"key":"SYNAPSE_SERVER_SECRET","projectId":"synapse-cs","secret":"SYNAPSE_SERVER_SECRET","version":"1"}],"revision":"receivematchstats-00002-rub","maxInstanceRequestConcurrency":80,"availableCpu":"1"},"state":"ACTIVE","labels":{"deployment-tool":"cli-firebase","firebase-functions-hash":"4605589e9225acf233f5a4308be3571620d88fea"},"environment":"GEN_2","url":"https://us-central1-synapse-cs.cloudfunctions.net/receiveMatchStats","satisfiesPzi":true},"stages":[{"name":"BUILD","message":"Reusing build","state":"COMPLETE","resource":"projects/847687663798/locations/us-central1/builds/81ce678b-47a3-4cc9-8bda-ab5f458a4940","stateMessages":[{"severity":"WARNING","type":"BuildAnalysisWarning","message":"Node.js 20 is no longer supported by the Node.js community as of 30 April, 2026. Runtime nodejs20 is currently deprecated for Cloud Functions. We recommend you to upgrade to the latest version of Node.js as soon as possible."}]},{"name":"SERVICE","message":"Updating Cloud Run service","state":"IN_PROGRESS","resource":"projects/synapse-cs/locations/us-central1/services/receivematchstats","resourceUri":"https://console.cloud.google.com/run/detail/us-central1/receivematchstats?project=synapse-cs","stateMessages":[{"severity":"INFO","type":"CloudRunServiceNewRevisionTrafficInfo","message":"A new revision will be deployed serving with 100% traffic."}]}],"sourceToken":"Cldwcm9qZWN0cy84NDc2ODc2NjM3OTgvbG9jYXRpb25zL3VzLWNlbnRyYWwxL2J1aWxkcy84MWNlNjc4Yi00N2EzLTRjYzktOGJkYS1hYjVmNDU4YTQ5NDASZHVzLWNlbnRyYWwxLWRvY2tlci5wa2cuZGV2L3N5bmFwc2UtY3MvZ2NmLWFydGlmYWN0cy9zeW5hcHNlLS1jc19fdXMtLWNlbnRyYWwxX19zdGVhbV9sb2dpbjp2ZXJzaW9uXzEYtoH98NUYIj5wcm9qZWN0cy9zeW5hcHNlLWNzL2xvY2F0aW9ucy91cy1jZW50cmFsMS9mdW5jdGlvbnMvc3RlYW1Mb2dpbioMCOOYx9EGEOic1LIBMghub2RlanMyMDp2CiNnY3IuaW8vZ2FlLXJ1bnRpbWVzL25vZGVqczIwOnN0YWJsZRJPdXMtY2VudHJhbDEtZG9ja2VyLnBrZy5kZXYvc2VydmVybGVzcy1ydW50aW1lcy9nb29nbGUtMjItZnVsbC9ydW50aW1lcy9ub2RlanMyMEAB","operationType":"UPDATE_FUNCTION","buildName":"projects/847687663798/locations/us-central1/builds/81ce678b-47a3-4cc9-8bda-ab5f458a4940"},"done":false}
[debug] [2026-06-16T22:21:30.275Z] Got source token Cldwcm9qZWN0cy84NDc2ODc2NjM3OTgvbG9jYXRpb25zL3VzLWNlbnRyYWwxL2J1aWxkcy84MWNlNjc4Yi00N2EzLTRjYzktOGJkYS1hYjVmNDU4YTQ5NDASZHVzLWNlbnRyYWwxLWRvY2tlci5wa2cuZGV2L3N5bmFwc2UtY3MvZ2NmLWFydGlmYWN0cy9zeW5hcHNlLS1jc19fdXMtLWNlbnRyYWwxX19zdGVhbV9sb2dpbjp2ZXJzaW9uXzEYtoH98NUYIj5wcm9qZWN0cy9zeW5hcHNlLWNzL2xvY2F0aW9ucy91cy1jZW50cmFsMS9mdW5jdGlvbnMvc3RlYW1Mb2dpbioMCOOYx9EGEOic1LIBMghub2RlanMyMDp2CiNnY3IuaW8vZ2FlLXJ1bnRpbWVzL25vZGVqczIwOnN0YWJsZRJPdXMtY2VudHJhbDEtZG9ja2VyLnBrZy5kZXYvc2VydmVybGVzcy1ydW50aW1lcy9nb29nbGUtMjItZnVsbC9ydW50aW1lcy9ub2RlanMyMEAB for region us-central1
[debug] [2026-06-16T22:21:30.304Z] <<< [apiv2][status] GET https://cloudfunctions.googleapis.com/v2/projects/synapse-cs/locations/us-central1/operations/operation-1781648488115-654665d3fae44-b3a39411-155c7d9c 200
[debug] [2026-06-16T22:21:30.305Z] <<< [apiv2][body] GET https://cloudfunctions.googleapis.com/v2/projects/synapse-cs/locations/us-central1/operations/operation-1781648488115-654665d3fae44-b3a39411-155c7d9c {"name":"projects/synapse-cs/locations/us-central1/operations/operation-1781648488115-654665d3fae44-b3a39411-155c7d9c","metadata":{"@type":"type.googleapis.com/google.cloud.functions.v2.OperationMetadata","createTime":"2026-06-16T22:21:28.909305208Z","target":"projects/synapse-cs/locations/us-central1/functions/faceitStats","verb":"update","cancelRequested":false,"apiVersion":"v2","requestResource":{"@type":"type.googleapis.com/google.cloud.functions.v2.Function","name":"projects/synapse-cs/locations/us-central1/functions/faceitStats","buildConfig":{"runtime":"nodejs20","entryPoint":"faceitStats","source":{"storageSource":{"bucket":"gcf-v2-sources-847687663798-us-central1","object":"faceitStats/function-source.zip","generation":"1781648488859177"}},"environmentVariables":{"GOOGLE_NODE_RUN_SCRIPTS":""},"dockerRepository":"projects/synapse-cs/locations/us-central1/repositories/gcf-artifacts","sourceProvenance":{"resolvedStorageSource":{"bucket":"gcf-v2-sources-847687663798-us-central1","object":"faceitStats/function-source.zip","generation":"1781647745092040"}},"dockerRegistry":"ARTIFACT_REGISTRY","sourceToken":"Cldwcm9qZWN0cy84NDc2ODc2NjM3OTgvbG9jYXRpb25zL3VzLWNlbnRyYWwxL2J1aWxkcy84MWNlNjc4Yi00N2EzLTRjYzktOGJkYS1hYjVmNDU4YTQ5NDASZHVzLWNlbnRyYWwxLWRvY2tlci5wa2cuZGV2L3N5bmFwc2UtY3MvZ2NmLWFydGlmYWN0cy9zeW5hcHNlLS1jc19fdXMtLWNlbnRyYWwxX19zdGVhbV9sb2dpbjp2ZXJzaW9uXzEYtoH98NUYIj5wcm9qZWN0cy9zeW5hcHNlLWNzL2xvY2F0aW9ucy91cy1jZW50cmFsMS9mdW5jdGlvbnMvc3RlYW1Mb2dpbioMCOOYx9EGEOic1LIBMghub2RlanMyMDp2CiNnY3IuaW8vZ2FlLXJ1bnRpbWVzL25vZGVqczIwOnN0YWJsZRJPdXMtY2VudHJhbDEtZG9ja2VyLnBrZy5kZXYvc2VydmVybGVzcy1ydW50aW1lcy9nb29nbGUtMjItZnVsbC9ydW50aW1lcy9ub2RlanMyMEAB","serviceAccount":"projects/synapse-cs/serviceAccounts/847687663798-compute@developer.gserviceaccount.com","automaticUpdatePolicy":{}},"serviceConfig":{"service":"projects/synapse-cs/locations/us-central1/services/faceitstats","timeoutSeconds":60,"environmentVariables":{"FIREBASE_CONFIG":"{\"projectId\":\"synapse-cs\",\"storageBucket\":\"synapse-cs.firebasestorage.app\"}","GCLOUD_PROJECT":"synapse-cs","EVENTARC_CLOUD_EVENT_SOURCE":"projects/synapse-cs/locations/us-central1/services/faceitStats","FUNCTION_TARGET":"faceitStats","LOG_EXECUTION_ID":"true","FUNCTION_SIGNATURE_TYPE":"http"},"ingressSettings":"ALLOW_ALL","uri":"https://faceitstats-bx52x5erya-uc.a.run.app","serviceAccountEmail":"847687663798-compute@developer.gserviceaccount.com","availableMemory":"256Mi","allTrafficOnLatestRevision":true,"revision":"faceitstats-00002-wup","maxInstanceRequestConcurrency":80,"availableCpu":"1"},"state":"ACTIVE","labels":{"deployment-tool":"cli-firebase","firebase-functions-hash":"020efb42b6166a9e2be15f2207bf4e6cbd01ca99"},"environment":"GEN_2","url":"https://us-central1-synapse-cs.cloudfunctions.net/faceitStats","satisfiesPzi":true},"stages":[{"name":"BUILD","message":"Reusing build","state":"COMPLETE","resource":"projects/847687663798/locations/us-central1/builds/81ce678b-47a3-4cc9-8bda-ab5f458a4940","stateMessages":[{"severity":"WARNING","type":"BuildAnalysisWarning","message":"Node.js 20 is no longer supported by the Node.js community as of 30 April, 2026. Runtime nodejs20 is currently deprecated for Cloud Functions. We recommend you to upgrade to the latest version of Node.js as soon as possible."}]},{"name":"SERVICE","message":"Updating Cloud Run service","state":"IN_PROGRESS","resource":"projects/synapse-cs/locations/us-central1/services/faceitstats","resourceUri":"https://console.cloud.google.com/run/detail/us-central1/faceitstats?project=synapse-cs","stateMessages":[{"severity":"INFO","type":"CloudRunServiceNewRevisionTrafficInfo","message":"A new revision will be deployed serving with 100% traffic."}]}],"sourceToken":"Cldwcm9qZWN0cy84NDc2ODc2NjM3OTgvbG9jYXRpb25zL3VzLWNlbnRyYWwxL2J1aWxkcy84MWNlNjc4Yi00N2EzLTRjYzktOGJkYS1hYjVmNDU4YTQ5NDASZHVzLWNlbnRyYWwxLWRvY2tlci5wa2cuZGV2L3N5bmFwc2UtY3MvZ2NmLWFydGlmYWN0cy9zeW5hcHNlLS1jc19fdXMtLWNlbnRyYWwxX19zdGVhbV9sb2dpbjp2ZXJzaW9uXzEYtoH98NUYIj5wcm9qZWN0cy9zeW5hcHNlLWNzL2xvY2F0aW9ucy91cy1jZW50cmFsMS9mdW5jdGlvbnMvc3RlYW1Mb2dpbioMCOOYx9EGEOic1LIBMghub2RlanMyMDp2CiNnY3IuaW8vZ2FlLXJ1bnRpbWVzL25vZGVqczIwOnN0YWJsZRJPdXMtY2VudHJhbDEtZG9ja2VyLnBrZy5kZXYvc2VydmVybGVzcy1ydW50aW1lcy9nb29nbGUtMjItZnVsbC9ydW50aW1lcy9ub2RlanMyMEAB","operationType":"UPDATE_FUNCTION","buildName":"projects/847687663798/locations/us-central1/builds/81ce678b-47a3-4cc9-8bda-ab5f458a4940"},"done":false}
[debug] [2026-06-16T22:21:30.305Z] Got source token Cldwcm9qZWN0cy84NDc2ODc2NjM3OTgvbG9jYXRpb25zL3VzLWNlbnRyYWwxL2J1aWxkcy84MWNlNjc4Yi00N2EzLTRjYzktOGJkYS1hYjVmNDU4YTQ5NDASZHVzLWNlbnRyYWwxLWRvY2tlci5wa2cuZGV2L3N5bmFwc2UtY3MvZ2NmLWFydGlmYWN0cy9zeW5hcHNlLS1jc19fdXMtLWNlbnRyYWwxX19zdGVhbV9sb2dpbjp2ZXJzaW9uXzEYtoH98NUYIj5wcm9qZWN0cy9zeW5hcHNlLWNzL2xvY2F0aW9ucy91cy1jZW50cmFsMS9mdW5jdGlvbnMvc3RlYW1Mb2dpbioMCOOYx9EGEOic1LIBMghub2RlanMyMDp2CiNnY3IuaW8vZ2FlLXJ1bnRpbWVzL25vZGVqczIwOnN0YWJsZRJPdXMtY2VudHJhbDEtZG9ja2VyLnBrZy5kZXYvc2VydmVybGVzcy1ydW50aW1lcy9nb29nbGUtMjItZnVsbC9ydW50aW1lcy9ub2RlanMyMEAB for region us-central1
[debug] [2026-06-16T22:21:30.317Z] <<< [apiv2][status] GET https://cloudfunctions.googleapis.com/v2/projects/synapse-cs/locations/us-central1/operations/operation-1781648488202-654665d410256-95e28c0e-1a90b249 200
[debug] [2026-06-16T22:21:30.317Z] <<< [apiv2][body] GET https://cloudfunctions.googleapis.com/v2/projects/synapse-cs/locations/us-central1/operations/operation-1781648488202-654665d410256-95e28c0e-1a90b249 {"name":"projects/synapse-cs/locations/us-central1/operations/operation-1781648488202-654665d410256-95e28c0e-1a90b249","metadata":{"@type":"type.googleapis.com/google.cloud.functions.v2.OperationMetadata","createTime":"2026-06-16T22:21:28.927135848Z","target":"projects/synapse-cs/locations/us-central1/functions/faceitHistory","verb":"update","cancelRequested":false,"apiVersion":"v2","requestResource":{"@type":"type.googleapis.com/google.cloud.functions.v2.Function","name":"projects/synapse-cs/locations/us-central1/functions/faceitHistory","buildConfig":{"runtime":"nodejs20","entryPoint":"faceitHistory","source":{"storageSource":{"bucket":"gcf-v2-sources-847687663798-us-central1","object":"faceitHistory/function-source.zip","generation":"1781648488877046"}},"environmentVariables":{"GOOGLE_NODE_RUN_SCRIPTS":""},"dockerRepository":"projects/synapse-cs/locations/us-central1/repositories/gcf-artifacts","sourceProvenance":{"resolvedStorageSource":{"bucket":"gcf-v2-sources-847687663798-us-central1","object":"faceitHistory/function-source.zip","generation":"1781647745152025"}},"dockerRegistry":"ARTIFACT_REGISTRY","sourceToken":"Cldwcm9qZWN0cy84NDc2ODc2NjM3OTgvbG9jYXRpb25zL3VzLWNlbnRyYWwxL2J1aWxkcy84MWNlNjc4Yi00N2EzLTRjYzktOGJkYS1hYjVmNDU4YTQ5NDASZHVzLWNlbnRyYWwxLWRvY2tlci5wa2cuZGV2L3N5bmFwc2UtY3MvZ2NmLWFydGlmYWN0cy9zeW5hcHNlLS1jc19fdXMtLWNlbnRyYWwxX19zdGVhbV9sb2dpbjp2ZXJzaW9uXzEYtoH98NUYIj5wcm9qZWN0cy9zeW5hcHNlLWNzL2xvY2F0aW9ucy91cy1jZW50cmFsMS9mdW5jdGlvbnMvc3RlYW1Mb2dpbioMCOOYx9EGEOic1LIBMghub2RlanMyMDp2CiNnY3IuaW8vZ2FlLXJ1bnRpbWVzL25vZGVqczIwOnN0YWJsZRJPdXMtY2VudHJhbDEtZG9ja2VyLnBrZy5kZXYvc2VydmVybGVzcy1ydW50aW1lcy9nb29nbGUtMjItZnVsbC9ydW50aW1lcy9ub2RlanMyMEAB","serviceAccount":"projects/synapse-cs/serviceAccounts/847687663798-compute@developer.gserviceaccount.com","automaticUpdatePolicy":{}},"serviceConfig":{"service":"projects/synapse-cs/locations/us-central1/services/faceithistory","timeoutSeconds":60,"environmentVariables":{"FIREBASE_CONFIG":"{\"projectId\":\"synapse-cs\",\"storageBucket\":\"synapse-cs.firebasestorage.app\"}","GCLOUD_PROJECT":"synapse-cs","EVENTARC_CLOUD_EVENT_SOURCE":"projects/synapse-cs/locations/us-central1/services/faceitHistory","FUNCTION_TARGET":"faceitHistory","LOG_EXECUTION_ID":"true","FUNCTION_SIGNATURE_TYPE":"http"},"ingressSettings":"ALLOW_ALL","uri":"https://faceithistory-bx52x5erya-uc.a.run.app","serviceAccountEmail":"847687663798-compute@developer.gserviceaccount.com","availableMemory":"256Mi","allTrafficOnLatestRevision":true,"revision":"faceithistory-00002-zun","maxInstanceRequestConcurrency":80,"availableCpu":"1"},"state":"ACTIVE","labels":{"deployment-tool":"cli-firebase","firebase-functions-hash":"020efb42b6166a9e2be15f2207bf4e6cbd01ca99"},"environment":"GEN_2","url":"https://us-central1-synapse-cs.cloudfunctions.net/faceitHistory","satisfiesPzi":true},"stages":[{"name":"BUILD","message":"Reusing build","state":"COMPLETE","resource":"projects/847687663798/locations/us-central1/builds/81ce678b-47a3-4cc9-8bda-ab5f458a4940","stateMessages":[{"severity":"WARNING","type":"BuildAnalysisWarning","message":"Node.js 20 is no longer supported by the Node.js community as of 30 April, 2026. Runtime nodejs20 is currently deprecated for Cloud Functions. We recommend you to upgrade to the latest version of Node.js as soon as possible."}]},{"name":"SERVICE","message":"Updating Cloud Run service","state":"IN_PROGRESS","resource":"projects/synapse-cs/locations/us-central1/services/faceithistory","resourceUri":"https://console.cloud.google.com/run/detail/us-central1/faceithistory?project=synapse-cs","stateMessages":[{"severity":"INFO","type":"CloudRunServiceNewRevisionTrafficInfo","message":"A new revision will be deployed serving with 100% traffic."}]}],"sourceToken":"Cldwcm9qZWN0cy84NDc2ODc2NjM3OTgvbG9jYXRpb25zL3VzLWNlbnRyYWwxL2J1aWxkcy84MWNlNjc4Yi00N2EzLTRjYzktOGJkYS1hYjVmNDU4YTQ5NDASZHVzLWNlbnRyYWwxLWRvY2tlci5wa2cuZGV2L3N5bmFwc2UtY3MvZ2NmLWFydGlmYWN0cy9zeW5hcHNlLS1jc19fdXMtLWNlbnRyYWwxX19zdGVhbV9sb2dpbjp2ZXJzaW9uXzEYtoH98NUYIj5wcm9qZWN0cy9zeW5hcHNlLWNzL2xvY2F0aW9ucy91cy1jZW50cmFsMS9mdW5jdGlvbnMvc3RlYW1Mb2dpbioMCOOYx9EGEOic1LIBMghub2RlanMyMDp2CiNnY3IuaW8vZ2FlLXJ1bnRpbWVzL25vZGVqczIwOnN0YWJsZRJPdXMtY2VudHJhbDEtZG9ja2VyLnBrZy5kZXYvc2VydmVybGVzcy1ydW50aW1lcy9nb29nbGUtMjItZnVsbC9ydW50aW1lcy9ub2RlanMyMEAB","operationType":"UPDATE_FUNCTION","buildName":"projects/847687663798/locations/us-central1/builds/81ce678b-47a3-4cc9-8bda-ab5f458a4940"},"done":false}
[debug] [2026-06-16T22:21:30.317Z] Got source token Cldwcm9qZWN0cy84NDc2ODc2NjM3OTgvbG9jYXRpb25zL3VzLWNlbnRyYWwxL2J1aWxkcy84MWNlNjc4Yi00N2EzLTRjYzktOGJkYS1hYjVmNDU4YTQ5NDASZHVzLWNlbnRyYWwxLWRvY2tlci5wa2cuZGV2L3N5bmFwc2UtY3MvZ2NmLWFydGlmYWN0cy9zeW5hcHNlLS1jc19fdXMtLWNlbnRyYWwxX19zdGVhbV9sb2dpbjp2ZXJzaW9uXzEYtoH98NUYIj5wcm9qZWN0cy9zeW5hcHNlLWNzL2xvY2F0aW9ucy91cy1jZW50cmFsMS9mdW5jdGlvbnMvc3RlYW1Mb2dpbioMCOOYx9EGEOic1LIBMghub2RlanMyMDp2CiNnY3IuaW8vZ2FlLXJ1bnRpbWVzL25vZGVqczIwOnN0YWJsZRJPdXMtY2VudHJhbDEtZG9ja2VyLnBrZy5kZXYvc2VydmVybGVzcy1ydW50aW1lcy9nb29nbGUtMjItZnVsbC9ydW50aW1lcy9ub2RlanMyMEAB for region us-central1
[debug] [2026-06-16T22:21:30.318Z] <<< [apiv2][status] GET https://cloudfunctions.googleapis.com/v2/projects/synapse-cs/locations/us-central1/operations/operation-1781648488144-654665d402003-02699133-fef61db2 200
[debug] [2026-06-16T22:21:30.318Z] <<< [apiv2][body] GET https://cloudfunctions.googleapis.com/v2/projects/synapse-cs/locations/us-central1/operations/operation-1781648488144-654665d402003-02699133-fef61db2 {"name":"projects/synapse-cs/locations/us-central1/operations/operation-1781648488144-654665d402003-02699133-fef61db2","metadata":{"@type":"type.googleapis.com/google.cloud.functions.v2.OperationMetadata","createTime":"2026-06-16T22:21:28.920137590Z","target":"projects/synapse-cs/locations/us-central1/functions/updateMixScore","verb":"update","cancelRequested":false,"apiVersion":"v2","requestResource":{"@type":"type.googleapis.com/google.cloud.functions.v2.Function","name":"projects/synapse-cs/locations/us-central1/functions/updateMixScore","buildConfig":{"runtime":"nodejs20","entryPoint":"updateMixScore","source":{"storageSource":{"bucket":"gcf-v2-sources-847687663798-us-central1","object":"updateMixScore/function-source.zip","generation":"1781648488871596"}},"environmentVariables":{"GOOGLE_NODE_RUN_SCRIPTS":""},"dockerRepository":"projects/synapse-cs/locations/us-central1/repositories/gcf-artifacts","sourceProvenance":{"resolvedStorageSource":{"bucket":"gcf-v2-sources-847687663798-us-central1","object":"updateMixScore/function-source.zip","generation":"1781647745156852"}},"dockerRegistry":"ARTIFACT_REGISTRY","sourceToken":"Cldwcm9qZWN0cy84NDc2ODc2NjM3OTgvbG9jYXRpb25zL3VzLWNlbnRyYWwxL2J1aWxkcy84MWNlNjc4Yi00N2EzLTRjYzktOGJkYS1hYjVmNDU4YTQ5NDASZHVzLWNlbnRyYWwxLWRvY2tlci5wa2cuZGV2L3N5bmFwc2UtY3MvZ2NmLWFydGlmYWN0cy9zeW5hcHNlLS1jc19fdXMtLWNlbnRyYWwxX19zdGVhbV9sb2dpbjp2ZXJzaW9uXzEYtoH98NUYIj5wcm9qZWN0cy9zeW5hcHNlLWNzL2xvY2F0aW9ucy91cy1jZW50cmFsMS9mdW5jdGlvbnMvc3RlYW1Mb2dpbioMCOOYx9EGEOic1LIBMghub2RlanMyMDp2CiNnY3IuaW8vZ2FlLXJ1bnRpbWVzL25vZGVqczIwOnN0YWJsZRJPdXMtY2VudHJhbDEtZG9ja2VyLnBrZy5kZXYvc2VydmVybGVzcy1ydW50aW1lcy9nb29nbGUtMjItZnVsbC9ydW50aW1lcy9ub2RlanMyMEAB","serviceAccount":"projects/synapse-cs/serviceAccounts/847687663798-compute@developer.gserviceaccount.com","automaticUpdatePolicy":{}},"serviceConfig":{"service":"projects/synapse-cs/locations/us-central1/services/updatemixscore","timeoutSeconds":60,"environmentVariables":{"FIREBASE_CONFIG":"{\"projectId\":\"synapse-cs\",\"storageBucket\":\"synapse-cs.firebasestorage.app\"}","GCLOUD_PROJECT":"synapse-cs","EVENTARC_CLOUD_EVENT_SOURCE":"projects/synapse-cs/locations/us-central1/services/updateMixScore","FUNCTION_TARGET":"updateMixScore","LOG_EXECUTION_ID":"true","FUNCTION_SIGNATURE_TYPE":"http"},"ingressSettings":"ALLOW_ALL","uri":"https://updatemixscore-bx52x5erya-uc.a.run.app","serviceAccountEmail":"847687663798-compute@developer.gserviceaccount.com","availableMemory":"256Mi","allTrafficOnLatestRevision":true,"revision":"updatemixscore-00002-nax","maxInstanceRequestConcurrency":80,"availableCpu":"1"},"state":"ACTIVE","labels":{"deployment-tool":"cli-firebase","firebase-functions-hash":"020efb42b6166a9e2be15f2207bf4e6cbd01ca99"},"environment":"GEN_2","url":"https://us-central1-synapse-cs.cloudfunctions.net/updateMixScore","satisfiesPzi":true},"stages":[{"name":"BUILD","message":"Reusing build","state":"COMPLETE","resource":"projects/847687663798/locations/us-central1/builds/81ce678b-47a3-4cc9-8bda-ab5f458a4940","stateMessages":[{"severity":"WARNING","type":"BuildAnalysisWarning","message":"Node.js 20 is no longer supported by the Node.js community as of 30 April, 2026. Runtime nodejs20 is currently deprecated for Cloud Functions. We recommend you to upgrade to the latest version of Node.js as soon as possible."}]},{"name":"SERVICE","message":"Updating Cloud Run service","state":"IN_PROGRESS","resource":"projects/synapse-cs/locations/us-central1/services/updatemixscore","resourceUri":"https://console.cloud.google.com/run/detail/us-central1/updatemixscore?project=synapse-cs","stateMessages":[{"severity":"INFO","type":"CloudRunServiceNewRevisionTrafficInfo","message":"A new revision will be deployed serving with 100% traffic."}]}],"sourceToken":"Cldwcm9qZWN0cy84NDc2ODc2NjM3OTgvbG9jYXRpb25zL3VzLWNlbnRyYWwxL2J1aWxkcy84MWNlNjc4Yi00N2EzLTRjYzktOGJkYS1hYjVmNDU4YTQ5NDASZHVzLWNlbnRyYWwxLWRvY2tlci5wa2cuZGV2L3N5bmFwc2UtY3MvZ2NmLWFydGlmYWN0cy9zeW5hcHNlLS1jc19fdXMtLWNlbnRyYWwxX19zdGVhbV9sb2dpbjp2ZXJzaW9uXzEYtoH98NUYIj5wcm9qZWN0cy9zeW5hcHNlLWNzL2xvY2F0aW9ucy91cy1jZW50cmFsMS9mdW5jdGlvbnMvc3RlYW1Mb2dpbioMCOOYx9EGEOic1LIBMghub2RlanMyMDp2CiNnY3IuaW8vZ2FlLXJ1bnRpbWVzL25vZGVqczIwOnN0YWJsZRJPdXMtY2VudHJhbDEtZG9ja2VyLnBrZy5kZXYvc2VydmVybGVzcy1ydW50aW1lcy9nb29nbGUtMjItZnVsbC9ydW50aW1lcy9ub2RlanMyMEAB","operationType":"UPDATE_FUNCTION","buildName":"projects/847687663798/locations/us-central1/builds/81ce678b-47a3-4cc9-8bda-ab5f458a4940"},"done":false}
[debug] [2026-06-16T22:21:30.318Z] Got source token Cldwcm9qZWN0cy84NDc2ODc2NjM3OTgvbG9jYXRpb25zL3VzLWNlbnRyYWwxL2J1aWxkcy84MWNlNjc4Yi00N2EzLTRjYzktOGJkYS1hYjVmNDU4YTQ5NDASZHVzLWNlbnRyYWwxLWRvY2tlci5wa2cuZGV2L3N5bmFwc2UtY3MvZ2NmLWFydGlmYWN0cy9zeW5hcHNlLS1jc19fdXMtLWNlbnRyYWwxX19zdGVhbV9sb2dpbjp2ZXJzaW9uXzEYtoH98NUYIj5wcm9qZWN0cy9zeW5hcHNlLWNzL2xvY2F0aW9ucy91cy1jZW50cmFsMS9mdW5jdGlvbnMvc3RlYW1Mb2dpbioMCOOYx9EGEOic1LIBMghub2RlanMyMDp2CiNnY3IuaW8vZ2FlLXJ1bnRpbWVzL25vZGVqczIwOnN0YWJsZRJPdXMtY2VudHJhbDEtZG9ja2VyLnBrZy5kZXYvc2VydmVybGVzcy1ydW50aW1lcy9nb29nbGUtMjItZnVsbC9ydW50aW1lcy9ub2RlanMyMEAB for region us-central1
[debug] [2026-06-16T22:21:30.355Z] <<< [apiv2][status] GET https://cloudfunctions.googleapis.com/v2/projects/synapse-cs/locations/us-central1/operations/operation-1781648488228-654665d416527-eea67854-d4ab0c50 200
[debug] [2026-06-16T22:21:30.355Z] <<< [apiv2][body] GET https://cloudfunctions.googleapis.com/v2/projects/synapse-cs/locations/us-central1/operations/operation-1781648488228-654665d416527-eea67854-d4ab0c50 {"name":"projects/synapse-cs/locations/us-central1/operations/operation-1781648488228-654665d416527-eea67854-d4ab0c50","metadata":{"@type":"type.googleapis.com/google.cloud.functions.v2.OperationMetadata","createTime":"2026-06-16T22:21:28.990495738Z","target":"projects/synapse-cs/locations/us-central1/functions/syncLevels","verb":"update","cancelRequested":false,"apiVersion":"v2","requestResource":{"@type":"type.googleapis.com/google.cloud.functions.v2.Function","name":"projects/synapse-cs/locations/us-central1/functions/syncLevels","buildConfig":{"runtime":"nodejs20","entryPoint":"syncLevels","source":{"storageSource":{"bucket":"gcf-v2-sources-847687663798-us-central1","object":"syncLevels/function-source.zip","generation":"1781648488942708"}},"environmentVariables":{"GOOGLE_NODE_RUN_SCRIPTS":""},"dockerRepository":"projects/synapse-cs/locations/us-central1/repositories/gcf-artifacts","sourceProvenance":{"resolvedStorageSource":{"bucket":"gcf-v2-sources-847687663798-us-central1","object":"syncLevels/function-source.zip","generation":"1781647745287583"}},"dockerRegistry":"ARTIFACT_REGISTRY","sourceToken":"Cldwcm9qZWN0cy84NDc2ODc2NjM3OTgvbG9jYXRpb25zL3VzLWNlbnRyYWwxL2J1aWxkcy84MWNlNjc4Yi00N2EzLTRjYzktOGJkYS1hYjVmNDU4YTQ5NDASZHVzLWNlbnRyYWwxLWRvY2tlci5wa2cuZGV2L3N5bmFwc2UtY3MvZ2NmLWFydGlmYWN0cy9zeW5hcHNlLS1jc19fdXMtLWNlbnRyYWwxX19zdGVhbV9sb2dpbjp2ZXJzaW9uXzEYtoH98NUYIj5wcm9qZWN0cy9zeW5hcHNlLWNzL2xvY2F0aW9ucy91cy1jZW50cmFsMS9mdW5jdGlvbnMvc3RlYW1Mb2dpbioMCOOYx9EGEOic1LIBMghub2RlanMyMDp2CiNnY3IuaW8vZ2FlLXJ1bnRpbWVzL25vZGVqczIwOnN0YWJsZRJPdXMtY2VudHJhbDEtZG9ja2VyLnBrZy5kZXYvc2VydmVybGVzcy1ydW50aW1lcy9nb29nbGUtMjItZnVsbC9ydW50aW1lcy9ub2RlanMyMEAB","serviceAccount":"projects/synapse-cs/serviceAccounts/847687663798-compute@developer.gserviceaccount.com","automaticUpdatePolicy":{}},"serviceConfig":{"service":"projects/synapse-cs/locations/us-central1/services/synclevels","timeoutSeconds":60,"environmentVariables":{"FIREBASE_CONFIG":"{\"projectId\":\"synapse-cs\",\"storageBucket\":\"synapse-cs.firebasestorage.app\"}","GCLOUD_PROJECT":"synapse-cs","EVENTARC_CLOUD_EVENT_SOURCE":"projects/synapse-cs/locations/us-central1/services/syncLevels","FUNCTION_TARGET":"syncLevels","LOG_EXECUTION_ID":"true","FUNCTION_SIGNATURE_TYPE":"http"},"ingressSettings":"ALLOW_ALL","uri":"https://synclevels-bx52x5erya-uc.a.run.app","serviceAccountEmail":"847687663798-compute@developer.gserviceaccount.com","availableMemory":"256Mi","allTrafficOnLatestRevision":true,"revision":"synclevels-00002-put","maxInstanceRequestConcurrency":80,"availableCpu":"1"},"state":"ACTIVE","labels":{"deployment-tool":"cli-firebase","firebase-functions-hash":"020efb42b6166a9e2be15f2207bf4e6cbd01ca99"},"environment":"GEN_2","url":"https://us-central1-synapse-cs.cloudfunctions.net/syncLevels","satisfiesPzi":true},"stages":[{"name":"BUILD","message":"Reusing build","state":"COMPLETE","resource":"projects/847687663798/locations/us-central1/builds/81ce678b-47a3-4cc9-8bda-ab5f458a4940","stateMessages":[{"severity":"WARNING","type":"BuildAnalysisWarning","message":"Node.js 20 is no longer supported by the Node.js community as of 30 April, 2026. Runtime nodejs20 is currently deprecated for Cloud Functions. We recommend you to upgrade to the latest version of Node.js as soon as possible."}]},{"name":"SERVICE","message":"Updating Cloud Run service","state":"IN_PROGRESS","resource":"projects/synapse-cs/locations/us-central1/services/synclevels","resourceUri":"https://console.cloud.google.com/run/detail/us-central1/synclevels?project=synapse-cs","stateMessages":[{"severity":"INFO","type":"CloudRunServiceNewRevisionTrafficInfo","message":"A new revision will be deployed serving with 100% traffic."}]}],"sourceToken":"Cldwcm9qZWN0cy84NDc2ODc2NjM3OTgvbG9jYXRpb25zL3VzLWNlbnRyYWwxL2J1aWxkcy84MWNlNjc4Yi00N2EzLTRjYzktOGJkYS1hYjVmNDU4YTQ5NDASZHVzLWNlbnRyYWwxLWRvY2tlci5wa2cuZGV2L3N5bmFwc2UtY3MvZ2NmLWFydGlmYWN0cy9zeW5hcHNlLS1jc19fdXMtLWNlbnRyYWwxX19zdGVhbV9sb2dpbjp2ZXJzaW9uXzEYtoH98NUYIj5wcm9qZWN0cy9zeW5hcHNlLWNzL2xvY2F0aW9ucy91cy1jZW50cmFsMS9mdW5jdGlvbnMvc3RlYW1Mb2dpbioMCOOYx9EGEOic1LIBMghub2RlanMyMDp2CiNnY3IuaW8vZ2FlLXJ1bnRpbWVzL25vZGVqczIwOnN0YWJsZRJPdXMtY2VudHJhbDEtZG9ja2VyLnBrZy5kZXYvc2VydmVybGVzcy1ydW50aW1lcy9nb29nbGUtMjItZnVsbC9ydW50aW1lcy9ub2RlanMyMEAB","operationType":"UPDATE_FUNCTION","buildName":"projects/847687663798/locations/us-central1/builds/81ce678b-47a3-4cc9-8bda-ab5f458a4940"},"done":false}
[debug] [2026-06-16T22:21:30.355Z] Got source token Cldwcm9qZWN0cy84NDc2ODc2NjM3OTgvbG9jYXRpb25zL3VzLWNlbnRyYWwxL2J1aWxkcy84MWNlNjc4Yi00N2EzLTRjYzktOGJkYS1hYjVmNDU4YTQ5NDASZHVzLWNlbnRyYWwxLWRvY2tlci5wa2cuZGV2L3N5bmFwc2UtY3MvZ2NmLWFydGlmYWN0cy9zeW5hcHNlLS1jc19fdXMtLWNlbnRyYWwxX19zdGVhbV9sb2dpbjp2ZXJzaW9uXzEYtoH98NUYIj5wcm9qZWN0cy9zeW5hcHNlLWNzL2xvY2F0aW9ucy91cy1jZW50cmFsMS9mdW5jdGlvbnMvc3RlYW1Mb2dpbioMCOOYx9EGEOic1LIBMghub2RlanMyMDp2CiNnY3IuaW8vZ2FlLXJ1bnRpbWVzL25vZGVqczIwOnN0YWJsZRJPdXMtY2VudHJhbDEtZG9ja2VyLnBrZy5kZXYvc2VydmVybGVzcy1ydW50aW1lcy9nb29nbGUtMjItZnVsbC9ydW50aW1lcy9ub2RlanMyMEAB for region us-central1
[debug] [2026-06-16T22:21:30.775Z] [update-default-us-central1-receiveMatchStats] Retrying task index 0
[debug] [2026-06-16T22:21:30.776Z] Checked if tokens are valid: true, expires at: 1781649859103
[debug] [2026-06-16T22:21:30.776Z] Checked if tokens are valid: true, expires at: 1781649859103
[debug] [2026-06-16T22:21:30.776Z] >>> [apiv2][query] GET https://cloudfunctions.googleapis.com/v2/projects/synapse-cs/locations/us-central1/operations/operation-1781648488145-654665d402209-d017d83a-696998a3 [none]
[debug] [2026-06-16T22:21:30.805Z] [update-default-us-central1-faceitStats] Retrying task index 0
[debug] [2026-06-16T22:21:30.805Z] Checked if tokens are valid: true, expires at: 1781649859103
[debug] [2026-06-16T22:21:30.805Z] Checked if tokens are valid: true, expires at: 1781649859103
[debug] [2026-06-16T22:21:30.805Z] >>> [apiv2][query] GET https://cloudfunctions.googleapis.com/v2/projects/synapse-cs/locations/us-central1/operations/operation-1781648488115-654665d3fae44-b3a39411-155c7d9c [none]
[debug] [2026-06-16T22:21:30.817Z] [update-default-us-central1-faceitHistory] Retrying task index 0
[debug] [2026-06-16T22:21:30.817Z] Checked if tokens are valid: true, expires at: 1781649859103
[debug] [2026-06-16T22:21:30.817Z] Checked if tokens are valid: true, expires at: 1781649859103
[debug] [2026-06-16T22:21:30.817Z] >>> [apiv2][query] GET https://cloudfunctions.googleapis.com/v2/projects/synapse-cs/locations/us-central1/operations/operation-1781648488202-654665d410256-95e28c0e-1a90b249 [none]
[debug] [2026-06-16T22:21:30.817Z] [update-default-us-central1-updateMixScore] Retrying task index 0
[debug] [2026-06-16T22:21:30.818Z] Checked if tokens are valid: true, expires at: 1781649859103
[debug] [2026-06-16T22:21:30.818Z] Checked if tokens are valid: true, expires at: 1781649859103
[debug] [2026-06-16T22:21:30.818Z] >>> [apiv2][query] GET https://cloudfunctions.googleapis.com/v2/projects/synapse-cs/locations/us-central1/operations/operation-1781648488144-654665d402003-02699133-fef61db2 [none]
[debug] [2026-06-16T22:21:30.856Z] [update-default-us-central1-syncLevels] Retrying task index 0
[debug] [2026-06-16T22:21:30.856Z] Checked if tokens are valid: true, expires at: 1781649859103
[debug] [2026-06-16T22:21:30.856Z] Checked if tokens are valid: true, expires at: 1781649859103
[debug] [2026-06-16T22:21:30.856Z] >>> [apiv2][query] GET https://cloudfunctions.googleapis.com/v2/projects/synapse-cs/locations/us-central1/operations/operation-1781648488228-654665d416527-eea67854-d4ab0c50 [none]
[debug] [2026-06-16T22:21:31.675Z] <<< [apiv2][status] GET https://cloudfunctions.googleapis.com/v2/projects/synapse-cs/locations/us-central1/operations/operation-1781648488145-654665d402209-d017d83a-696998a3 200
[debug] [2026-06-16T22:21:31.675Z] <<< [apiv2][body] GET https://cloudfunctions.googleapis.com/v2/projects/synapse-cs/locations/us-central1/operations/operation-1781648488145-654665d402209-d017d83a-696998a3 {"name":"projects/synapse-cs/locations/us-central1/operations/operation-1781648488145-654665d402209-d017d83a-696998a3","metadata":{"@type":"type.googleapis.com/google.cloud.functions.v2.OperationMetadata","createTime":"2026-06-16T22:21:28.901644431Z","target":"projects/synapse-cs/locations/us-central1/functions/receiveMatchStats","verb":"update","cancelRequested":false,"apiVersion":"v2","requestResource":{"@type":"type.googleapis.com/google.cloud.functions.v2.Function","name":"projects/synapse-cs/locations/us-central1/functions/receiveMatchStats","buildConfig":{"runtime":"nodejs20","entryPoint":"receiveMatchStats","source":{"storageSource":{"bucket":"gcf-v2-sources-847687663798-us-central1","object":"receiveMatchStats/function-source.zip","generation":"1781648488820639"}},"environmentVariables":{"GOOGLE_NODE_RUN_SCRIPTS":""},"dockerRepository":"projects/synapse-cs/locations/us-central1/repositories/gcf-artifacts","sourceProvenance":{"resolvedStorageSource":{"bucket":"gcf-v2-sources-847687663798-us-central1","object":"receiveMatchStats/function-source.zip","generation":"1781647745197334"}},"dockerRegistry":"ARTIFACT_REGISTRY","sourceToken":"Cldwcm9qZWN0cy84NDc2ODc2NjM3OTgvbG9jYXRpb25zL3VzLWNlbnRyYWwxL2J1aWxkcy84MWNlNjc4Yi00N2EzLTRjYzktOGJkYS1hYjVmNDU4YTQ5NDASZHVzLWNlbnRyYWwxLWRvY2tlci5wa2cuZGV2L3N5bmFwc2UtY3MvZ2NmLWFydGlmYWN0cy9zeW5hcHNlLS1jc19fdXMtLWNlbnRyYWwxX19zdGVhbV9sb2dpbjp2ZXJzaW9uXzEYtoH98NUYIj5wcm9qZWN0cy9zeW5hcHNlLWNzL2xvY2F0aW9ucy91cy1jZW50cmFsMS9mdW5jdGlvbnMvc3RlYW1Mb2dpbioMCOOYx9EGEOic1LIBMghub2RlanMyMDp2CiNnY3IuaW8vZ2FlLXJ1bnRpbWVzL25vZGVqczIwOnN0YWJsZRJPdXMtY2VudHJhbDEtZG9ja2VyLnBrZy5kZXYvc2VydmVybGVzcy1ydW50aW1lcy9nb29nbGUtMjItZnVsbC9ydW50aW1lcy9ub2RlanMyMEAB","serviceAccount":"projects/synapse-cs/serviceAccounts/847687663798-compute@developer.gserviceaccount.com","automaticUpdatePolicy":{}},"serviceConfig":{"service":"projects/synapse-cs/locations/us-central1/services/receivematchstats","timeoutSeconds":60,"environmentVariables":{"FIREBASE_CONFIG":"{\"projectId\":\"synapse-cs\",\"storageBucket\":\"synapse-cs.firebasestorage.app\"}","GCLOUD_PROJECT":"synapse-cs","EVENTARC_CLOUD_EVENT_SOURCE":"projects/synapse-cs/locations/us-central1/services/receiveMatchStats","FUNCTION_TARGET":"receiveMatchStats","LOG_EXECUTION_ID":"true","FUNCTION_SIGNATURE_TYPE":"http"},"ingressSettings":"ALLOW_ALL","uri":"https://receivematchstats-bx52x5erya-uc.a.run.app","serviceAccountEmail":"847687663798-compute@developer.gserviceaccount.com","availableMemory":"256Mi","allTrafficOnLatestRevision":true,"secretEnvironmentVariables":[{"key":"SYNAPSE_SERVER_SECRET","projectId":"synapse-cs","secret":"SYNAPSE_SERVER_SECRET","version":"1"}],"revision":"receivematchstats-00002-rub","maxInstanceRequestConcurrency":80,"availableCpu":"1"},"state":"ACTIVE","labels":{"deployment-tool":"cli-firebase","firebase-functions-hash":"4605589e9225acf233f5a4308be3571620d88fea"},"environment":"GEN_2","url":"https://us-central1-synapse-cs.cloudfunctions.net/receiveMatchStats","satisfiesPzi":true},"stages":[{"name":"BUILD","message":"Reusing build","state":"COMPLETE","resource":"projects/847687663798/locations/us-central1/builds/81ce678b-47a3-4cc9-8bda-ab5f458a4940","stateMessages":[{"severity":"WARNING","type":"BuildAnalysisWarning","message":"Node.js 20 is no longer supported by the Node.js community as of 30 April, 2026. Runtime nodejs20 is currently deprecated for Cloud Functions. We recommend you to upgrade to the latest version of Node.js as soon as possible."}]},{"name":"SERVICE","message":"Updating Cloud Run service","state":"IN_PROGRESS","resource":"projects/synapse-cs/locations/us-central1/services/receivematchstats","resourceUri":"https://console.cloud.google.com/run/detail/us-central1/receivematchstats?project=synapse-cs","stateMessages":[{"severity":"INFO","type":"CloudRunServiceNewRevisionTrafficInfo","message":"A new revision will be deployed serving with 100% traffic."}]}],"sourceToken":"Cldwcm9qZWN0cy84NDc2ODc2NjM3OTgvbG9jYXRpb25zL3VzLWNlbnRyYWwxL2J1aWxkcy84MWNlNjc4Yi00N2EzLTRjYzktOGJkYS1hYjVmNDU4YTQ5NDASZHVzLWNlbnRyYWwxLWRvY2tlci5wa2cuZGV2L3N5bmFwc2UtY3MvZ2NmLWFydGlmYWN0cy9zeW5hcHNlLS1jc19fdXMtLWNlbnRyYWwxX19zdGVhbV9sb2dpbjp2ZXJzaW9uXzEYtoH98NUYIj5wcm9qZWN0cy9zeW5hcHNlLWNzL2xvY2F0aW9ucy91cy1jZW50cmFsMS9mdW5jdGlvbnMvc3RlYW1Mb2dpbioMCOOYx9EGEOic1LIBMghub2RlanMyMDp2CiNnY3IuaW8vZ2FlLXJ1bnRpbWVzL25vZGVqczIwOnN0YWJsZRJPdXMtY2VudHJhbDEtZG9ja2VyLnBrZy5kZXYvc2VydmVybGVzcy1ydW50aW1lcy9nb29nbGUtMjItZnVsbC9ydW50aW1lcy9ub2RlanMyMEAB","operationType":"UPDATE_FUNCTION","buildName":"projects/847687663798/locations/us-central1/builds/81ce678b-47a3-4cc9-8bda-ab5f458a4940"},"done":false}
[debug] [2026-06-16T22:21:31.675Z] Got source token Cldwcm9qZWN0cy84NDc2ODc2NjM3OTgvbG9jYXRpb25zL3VzLWNlbnRyYWwxL2J1aWxkcy84MWNlNjc4Yi00N2EzLTRjYzktOGJkYS1hYjVmNDU4YTQ5NDASZHVzLWNlbnRyYWwxLWRvY2tlci5wa2cuZGV2L3N5bmFwc2UtY3MvZ2NmLWFydGlmYWN0cy9zeW5hcHNlLS1jc19fdXMtLWNlbnRyYWwxX19zdGVhbV9sb2dpbjp2ZXJzaW9uXzEYtoH98NUYIj5wcm9qZWN0cy9zeW5hcHNlLWNzL2xvY2F0aW9ucy91cy1jZW50cmFsMS9mdW5jdGlvbnMvc3RlYW1Mb2dpbioMCOOYx9EGEOic1LIBMghub2RlanMyMDp2CiNnY3IuaW8vZ2FlLXJ1bnRpbWVzL25vZGVqczIwOnN0YWJsZRJPdXMtY2VudHJhbDEtZG9ja2VyLnBrZy5kZXYvc2VydmVybGVzcy1ydW50aW1lcy9nb29nbGUtMjItZnVsbC9ydW50aW1lcy9ub2RlanMyMEAB for region us-central1
[debug] [2026-06-16T22:21:31.719Z] <<< [apiv2][status] GET https://cloudfunctions.googleapis.com/v2/projects/synapse-cs/locations/us-central1/operations/operation-1781648488115-654665d3fae44-b3a39411-155c7d9c 200
[debug] [2026-06-16T22:21:31.719Z] <<< [apiv2][body] GET https://cloudfunctions.googleapis.com/v2/projects/synapse-cs/locations/us-central1/operations/operation-1781648488115-654665d3fae44-b3a39411-155c7d9c {"name":"projects/synapse-cs/locations/us-central1/operations/operation-1781648488115-654665d3fae44-b3a39411-155c7d9c","metadata":{"@type":"type.googleapis.com/google.cloud.functions.v2.OperationMetadata","createTime":"2026-06-16T22:21:28.909305208Z","target":"projects/synapse-cs/locations/us-central1/functions/faceitStats","verb":"update","cancelRequested":false,"apiVersion":"v2","requestResource":{"@type":"type.googleapis.com/google.cloud.functions.v2.Function","name":"projects/synapse-cs/locations/us-central1/functions/faceitStats","buildConfig":{"runtime":"nodejs20","entryPoint":"faceitStats","source":{"storageSource":{"bucket":"gcf-v2-sources-847687663798-us-central1","object":"faceitStats/function-source.zip","generation":"1781648488859177"}},"environmentVariables":{"GOOGLE_NODE_RUN_SCRIPTS":""},"dockerRepository":"projects/synapse-cs/locations/us-central1/repositories/gcf-artifacts","sourceProvenance":{"resolvedStorageSource":{"bucket":"gcf-v2-sources-847687663798-us-central1","object":"faceitStats/function-source.zip","generation":"1781647745092040"}},"dockerRegistry":"ARTIFACT_REGISTRY","sourceToken":"Cldwcm9qZWN0cy84NDc2ODc2NjM3OTgvbG9jYXRpb25zL3VzLWNlbnRyYWwxL2J1aWxkcy84MWNlNjc4Yi00N2EzLTRjYzktOGJkYS1hYjVmNDU4YTQ5NDASZHVzLWNlbnRyYWwxLWRvY2tlci5wa2cuZGV2L3N5bmFwc2UtY3MvZ2NmLWFydGlmYWN0cy9zeW5hcHNlLS1jc19fdXMtLWNlbnRyYWwxX19zdGVhbV9sb2dpbjp2ZXJzaW9uXzEYtoH98NUYIj5wcm9qZWN0cy9zeW5hcHNlLWNzL2xvY2F0aW9ucy91cy1jZW50cmFsMS9mdW5jdGlvbnMvc3RlYW1Mb2dpbioMCOOYx9EGEOic1LIBMghub2RlanMyMDp2CiNnY3IuaW8vZ2FlLXJ1bnRpbWVzL25vZGVqczIwOnN0YWJsZRJPdXMtY2VudHJhbDEtZG9ja2VyLnBrZy5kZXYvc2VydmVybGVzcy1ydW50aW1lcy9nb29nbGUtMjItZnVsbC9ydW50aW1lcy9ub2RlanMyMEAB","serviceAccount":"projects/synapse-cs/serviceAccounts/847687663798-compute@developer.gserviceaccount.com","automaticUpdatePolicy":{}},"serviceConfig":{"service":"projects/synapse-cs/locations/us-central1/services/faceitstats","timeoutSeconds":60,"environmentVariables":{"FIREBASE_CONFIG":"{\"projectId\":\"synapse-cs\",\"storageBucket\":\"synapse-cs.firebasestorage.app\"}","GCLOUD_PROJECT":"synapse-cs","EVENTARC_CLOUD_EVENT_SOURCE":"projects/synapse-cs/locations/us-central1/services/faceitStats","FUNCTION_TARGET":"faceitStats","LOG_EXECUTION_ID":"true","FUNCTION_SIGNATURE_TYPE":"http"},"ingressSettings":"ALLOW_ALL","uri":"https://faceitstats-bx52x5erya-uc.a.run.app","serviceAccountEmail":"847687663798-compute@developer.gserviceaccount.com","availableMemory":"256Mi","allTrafficOnLatestRevision":true,"revision":"faceitstats-00002-wup","maxInstanceRequestConcurrency":80,"availableCpu":"1"},"state":"ACTIVE","labels":{"deployment-tool":"cli-firebase","firebase-functions-hash":"020efb42b6166a9e2be15f2207bf4e6cbd01ca99"},"environment":"GEN_2","url":"https://us-central1-synapse-cs.cloudfunctions.net/faceitStats","satisfiesPzi":true},"stages":[{"name":"BUILD","message":"Reusing build","state":"COMPLETE","resource":"projects/847687663798/locations/us-central1/builds/81ce678b-47a3-4cc9-8bda-ab5f458a4940","stateMessages":[{"severity":"WARNING","type":"BuildAnalysisWarning","message":"Node.js 20 is no longer supported by the Node.js community as of 30 April, 2026. Runtime nodejs20 is currently deprecated for Cloud Functions. We recommend you to upgrade to the latest version of Node.js as soon as possible."}]},{"name":"SERVICE","message":"Updating Cloud Run service","state":"IN_PROGRESS","resource":"projects/synapse-cs/locations/us-central1/services/faceitstats","resourceUri":"https://console.cloud.google.com/run/detail/us-central1/faceitstats?project=synapse-cs","stateMessages":[{"severity":"INFO","type":"CloudRunServiceNewRevisionTrafficInfo","message":"A new revision will be deployed serving with 100% traffic."}]}],"sourceToken":"Cldwcm9qZWN0cy84NDc2ODc2NjM3OTgvbG9jYXRpb25zL3VzLWNlbnRyYWwxL2J1aWxkcy84MWNlNjc4Yi00N2EzLTRjYzktOGJkYS1hYjVmNDU4YTQ5NDASZHVzLWNlbnRyYWwxLWRvY2tlci5wa2cuZGV2L3N5bmFwc2UtY3MvZ2NmLWFydGlmYWN0cy9zeW5hcHNlLS1jc19fdXMtLWNlbnRyYWwxX19zdGVhbV9sb2dpbjp2ZXJzaW9uXzEYtoH98NUYIj5wcm9qZWN0cy9zeW5hcHNlLWNzL2xvY2F0aW9ucy91cy1jZW50cmFsMS9mdW5jdGlvbnMvc3RlYW1Mb2dpbioMCOOYx9EGEOic1LIBMghub2RlanMyMDp2CiNnY3IuaW8vZ2FlLXJ1bnRpbWVzL25vZGVqczIwOnN0YWJsZRJPdXMtY2VudHJhbDEtZG9ja2VyLnBrZy5kZXYvc2VydmVybGVzcy1ydW50aW1lcy9nb29nbGUtMjItZnVsbC9ydW50aW1lcy9ub2RlanMyMEAB","operationType":"UPDATE_FUNCTION","buildName":"projects/847687663798/locations/us-central1/builds/81ce678b-47a3-4cc9-8bda-ab5f458a4940"},"done":false}
[debug] [2026-06-16T22:21:31.719Z] Got source token Cldwcm9qZWN0cy84NDc2ODc2NjM3OTgvbG9jYXRpb25zL3VzLWNlbnRyYWwxL2J1aWxkcy84MWNlNjc4Yi00N2EzLTRjYzktOGJkYS1hYjVmNDU4YTQ5NDASZHVzLWNlbnRyYWwxLWRvY2tlci5wa2cuZGV2L3N5bmFwc2UtY3MvZ2NmLWFydGlmYWN0cy9zeW5hcHNlLS1jc19fdXMtLWNlbnRyYWwxX19zdGVhbV9sb2dpbjp2ZXJzaW9uXzEYtoH98NUYIj5wcm9qZWN0cy9zeW5hcHNlLWNzL2xvY2F0aW9ucy91cy1jZW50cmFsMS9mdW5jdGlvbnMvc3RlYW1Mb2dpbioMCOOYx9EGEOic1LIBMghub2RlanMyMDp2CiNnY3IuaW8vZ2FlLXJ1bnRpbWVzL25vZGVqczIwOnN0YWJsZRJPdXMtY2VudHJhbDEtZG9ja2VyLnBrZy5kZXYvc2VydmVybGVzcy1ydW50aW1lcy9nb29nbGUtMjItZnVsbC9ydW50aW1lcy9ub2RlanMyMEAB for region us-central1
[debug] [2026-06-16T22:21:31.728Z] <<< [apiv2][status] GET https://cloudfunctions.googleapis.com/v2/projects/synapse-cs/locations/us-central1/operations/operation-1781648488144-654665d402003-02699133-fef61db2 200
[debug] [2026-06-16T22:21:31.728Z] <<< [apiv2][body] GET https://cloudfunctions.googleapis.com/v2/projects/synapse-cs/locations/us-central1/operations/operation-1781648488144-654665d402003-02699133-fef61db2 {"name":"projects/synapse-cs/locations/us-central1/operations/operation-1781648488144-654665d402003-02699133-fef61db2","metadata":{"@type":"type.googleapis.com/google.cloud.functions.v2.OperationMetadata","createTime":"2026-06-16T22:21:28.920137590Z","target":"projects/synapse-cs/locations/us-central1/functions/updateMixScore","verb":"update","cancelRequested":false,"apiVersion":"v2","requestResource":{"@type":"type.googleapis.com/google.cloud.functions.v2.Function","name":"projects/synapse-cs/locations/us-central1/functions/updateMixScore","buildConfig":{"runtime":"nodejs20","entryPoint":"updateMixScore","source":{"storageSource":{"bucket":"gcf-v2-sources-847687663798-us-central1","object":"updateMixScore/function-source.zip","generation":"1781648488871596"}},"environmentVariables":{"GOOGLE_NODE_RUN_SCRIPTS":""},"dockerRepository":"projects/synapse-cs/locations/us-central1/repositories/gcf-artifacts","sourceProvenance":{"resolvedStorageSource":{"bucket":"gcf-v2-sources-847687663798-us-central1","object":"updateMixScore/function-source.zip","generation":"1781647745156852"}},"dockerRegistry":"ARTIFACT_REGISTRY","sourceToken":"Cldwcm9qZWN0cy84NDc2ODc2NjM3OTgvbG9jYXRpb25zL3VzLWNlbnRyYWwxL2J1aWxkcy84MWNlNjc4Yi00N2EzLTRjYzktOGJkYS1hYjVmNDU4YTQ5NDASZHVzLWNlbnRyYWwxLWRvY2tlci5wa2cuZGV2L3N5bmFwc2UtY3MvZ2NmLWFydGlmYWN0cy9zeW5hcHNlLS1jc19fdXMtLWNlbnRyYWwxX19zdGVhbV9sb2dpbjp2ZXJzaW9uXzEYtoH98NUYIj5wcm9qZWN0cy9zeW5hcHNlLWNzL2xvY2F0aW9ucy91cy1jZW50cmFsMS9mdW5jdGlvbnMvc3RlYW1Mb2dpbioMCOOYx9EGEOic1LIBMghub2RlanMyMDp2CiNnY3IuaW8vZ2FlLXJ1bnRpbWVzL25vZGVqczIwOnN0YWJsZRJPdXMtY2VudHJhbDEtZG9ja2VyLnBrZy5kZXYvc2VydmVybGVzcy1ydW50aW1lcy9nb29nbGUtMjItZnVsbC9ydW50aW1lcy9ub2RlanMyMEAB","serviceAccount":"projects/synapse-cs/serviceAccounts/847687663798-compute@developer.gserviceaccount.com","automaticUpdatePolicy":{}},"serviceConfig":{"service":"projects/synapse-cs/locations/us-central1/services/updatemixscore","timeoutSeconds":60,"environmentVariables":{"FIREBASE_CONFIG":"{\"projectId\":\"synapse-cs\",\"storageBucket\":\"synapse-cs.firebasestorage.app\"}","GCLOUD_PROJECT":"synapse-cs","EVENTARC_CLOUD_EVENT_SOURCE":"projects/synapse-cs/locations/us-central1/services/updateMixScore","FUNCTION_TARGET":"updateMixScore","LOG_EXECUTION_ID":"true","FUNCTION_SIGNATURE_TYPE":"http"},"ingressSettings":"ALLOW_ALL","uri":"https://updatemixscore-bx52x5erya-uc.a.run.app","serviceAccountEmail":"847687663798-compute@developer.gserviceaccount.com","availableMemory":"256Mi","allTrafficOnLatestRevision":true,"revision":"updatemixscore-00002-nax","maxInstanceRequestConcurrency":80,"availableCpu":"1"},"state":"ACTIVE","labels":{"deployment-tool":"cli-firebase","firebase-functions-hash":"020efb42b6166a9e2be15f2207bf4e6cbd01ca99"},"environment":"GEN_2","url":"https://us-central1-synapse-cs.cloudfunctions.net/updateMixScore","satisfiesPzi":true},"stages":[{"name":"BUILD","message":"Reusing build","state":"COMPLETE","resource":"projects/847687663798/locations/us-central1/builds/81ce678b-47a3-4cc9-8bda-ab5f458a4940","stateMessages":[{"severity":"WARNING","type":"BuildAnalysisWarning","message":"Node.js 20 is no longer supported by the Node.js community as of 30 April, 2026. Runtime nodejs20 is currently deprecated for Cloud Functions. We recommend you to upgrade to the latest version of Node.js as soon as possible."}]},{"name":"SERVICE","message":"Updating Cloud Run service","state":"IN_PROGRESS","resource":"projects/synapse-cs/locations/us-central1/services/updatemixscore","resourceUri":"https://console.cloud.google.com/run/detail/us-central1/updatemixscore?project=synapse-cs","stateMessages":[{"severity":"INFO","type":"CloudRunServiceNewRevisionTrafficInfo","message":"A new revision will be deployed serving with 100% traffic."}]}],"sourceToken":"Cldwcm9qZWN0cy84NDc2ODc2NjM3OTgvbG9jYXRpb25zL3VzLWNlbnRyYWwxL2J1aWxkcy84MWNlNjc4Yi00N2EzLTRjYzktOGJkYS1hYjVmNDU4YTQ5NDASZHVzLWNlbnRyYWwxLWRvY2tlci5wa2cuZGV2L3N5bmFwc2UtY3MvZ2NmLWFydGlmYWN0cy9zeW5hcHNlLS1jc19fdXMtLWNlbnRyYWwxX19zdGVhbV9sb2dpbjp2ZXJzaW9uXzEYtoH98NUYIj5wcm9qZWN0cy9zeW5hcHNlLWNzL2xvY2F0aW9ucy91cy1jZW50cmFsMS9mdW5jdGlvbnMvc3RlYW1Mb2dpbioMCOOYx9EGEOic1LIBMghub2RlanMyMDp2CiNnY3IuaW8vZ2FlLXJ1bnRpbWVzL25vZGVqczIwOnN0YWJsZRJPdXMtY2VudHJhbDEtZG9ja2VyLnBrZy5kZXYvc2VydmVybGVzcy1ydW50aW1lcy9nb29nbGUtMjItZnVsbC9ydW50aW1lcy9ub2RlanMyMEAB","operationType":"UPDATE_FUNCTION","buildName":"projects/847687663798/locations/us-central1/builds/81ce678b-47a3-4cc9-8bda-ab5f458a4940"},"done":false}
[debug] [2026-06-16T22:21:31.728Z] Got source token Cldwcm9qZWN0cy84NDc2ODc2NjM3OTgvbG9jYXRpb25zL3VzLWNlbnRyYWwxL2J1aWxkcy84MWNlNjc4Yi00N2EzLTRjYzktOGJkYS1hYjVmNDU4YTQ5NDASZHVzLWNlbnRyYWwxLWRvY2tlci5wa2cuZGV2L3N5bmFwc2UtY3MvZ2NmLWFydGlmYWN0cy9zeW5hcHNlLS1jc19fdXMtLWNlbnRyYWwxX19zdGVhbV9sb2dpbjp2ZXJzaW9uXzEYtoH98NUYIj5wcm9qZWN0cy9zeW5hcHNlLWNzL2xvY2F0aW9ucy91cy1jZW50cmFsMS9mdW5jdGlvbnMvc3RlYW1Mb2dpbioMCOOYx9EGEOic1LIBMghub2RlanMyMDp2CiNnY3IuaW8vZ2FlLXJ1bnRpbWVzL25vZGVqczIwOnN0YWJsZRJPdXMtY2VudHJhbDEtZG9ja2VyLnBrZy5kZXYvc2VydmVybGVzcy1ydW50aW1lcy9nb29nbGUtMjItZnVsbC9ydW50aW1lcy9ub2RlanMyMEAB for region us-central1
[debug] [2026-06-16T22:21:31.812Z] <<< [apiv2][status] GET https://cloudfunctions.googleapis.com/v2/projects/synapse-cs/locations/us-central1/operations/operation-1781648488228-654665d416527-eea67854-d4ab0c50 200
[debug] [2026-06-16T22:21:31.813Z] <<< [apiv2][body] GET https://cloudfunctions.googleapis.com/v2/projects/synapse-cs/locations/us-central1/operations/operation-1781648488228-654665d416527-eea67854-d4ab0c50 {"name":"projects/synapse-cs/locations/us-central1/operations/operation-1781648488228-654665d416527-eea67854-d4ab0c50","metadata":{"@type":"type.googleapis.com/google.cloud.functions.v2.OperationMetadata","createTime":"2026-06-16T22:21:28.990495738Z","target":"projects/synapse-cs/locations/us-central1/functions/syncLevels","verb":"update","cancelRequested":false,"apiVersion":"v2","requestResource":{"@type":"type.googleapis.com/google.cloud.functions.v2.Function","name":"projects/synapse-cs/locations/us-central1/functions/syncLevels","buildConfig":{"runtime":"nodejs20","entryPoint":"syncLevels","source":{"storageSource":{"bucket":"gcf-v2-sources-847687663798-us-central1","object":"syncLevels/function-source.zip","generation":"1781648488942708"}},"environmentVariables":{"GOOGLE_NODE_RUN_SCRIPTS":""},"dockerRepository":"projects/synapse-cs/locations/us-central1/repositories/gcf-artifacts","sourceProvenance":{"resolvedStorageSource":{"bucket":"gcf-v2-sources-847687663798-us-central1","object":"syncLevels/function-source.zip","generation":"1781647745287583"}},"dockerRegistry":"ARTIFACT_REGISTRY","sourceToken":"Cldwcm9qZWN0cy84NDc2ODc2NjM3OTgvbG9jYXRpb25zL3VzLWNlbnRyYWwxL2J1aWxkcy84MWNlNjc4Yi00N2EzLTRjYzktOGJkYS1hYjVmNDU4YTQ5NDASZHVzLWNlbnRyYWwxLWRvY2tlci5wa2cuZGV2L3N5bmFwc2UtY3MvZ2NmLWFydGlmYWN0cy9zeW5hcHNlLS1jc19fdXMtLWNlbnRyYWwxX19zdGVhbV9sb2dpbjp2ZXJzaW9uXzEYtoH98NUYIj5wcm9qZWN0cy9zeW5hcHNlLWNzL2xvY2F0aW9ucy91cy1jZW50cmFsMS9mdW5jdGlvbnMvc3RlYW1Mb2dpbioMCOOYx9EGEOic1LIBMghub2RlanMyMDp2CiNnY3IuaW8vZ2FlLXJ1bnRpbWVzL25vZGVqczIwOnN0YWJsZRJPdXMtY2VudHJhbDEtZG9ja2VyLnBrZy5kZXYvc2VydmVybGVzcy1ydW50aW1lcy9nb29nbGUtMjItZnVsbC9ydW50aW1lcy9ub2RlanMyMEAB","serviceAccount":"projects/synapse-cs/serviceAccounts/847687663798-compute@developer.gserviceaccount.com","automaticUpdatePolicy":{}},"serviceConfig":{"service":"projects/synapse-cs/locations/us-central1/services/synclevels","timeoutSeconds":60,"environmentVariables":{"FIREBASE_CONFIG":"{\"projectId\":\"synapse-cs\",\"storageBucket\":\"synapse-cs.firebasestorage.app\"}","GCLOUD_PROJECT":"synapse-cs","EVENTARC_CLOUD_EVENT_SOURCE":"projects/synapse-cs/locations/us-central1/services/syncLevels","FUNCTION_TARGET":"syncLevels","LOG_EXECUTION_ID":"true","FUNCTION_SIGNATURE_TYPE":"http"},"ingressSettings":"ALLOW_ALL","uri":"https://synclevels-bx52x5erya-uc.a.run.app","serviceAccountEmail":"847687663798-compute@developer.gserviceaccount.com","availableMemory":"256Mi","allTrafficOnLatestRevision":true,"revision":"synclevels-00002-put","maxInstanceRequestConcurrency":80,"availableCpu":"1"},"state":"ACTIVE","labels":{"deployment-tool":"cli-firebase","firebase-functions-hash":"020efb42b6166a9e2be15f2207bf4e6cbd01ca99"},"environment":"GEN_2","url":"https://us-central1-synapse-cs.cloudfunctions.net/syncLevels","satisfiesPzi":true},"stages":[{"name":"BUILD","message":"Reusing build","state":"COMPLETE","resource":"projects/847687663798/locations/us-central1/builds/81ce678b-47a3-4cc9-8bda-ab5f458a4940","stateMessages":[{"severity":"WARNING","type":"BuildAnalysisWarning","message":"Node.js 20 is no longer supported by the Node.js community as of 30 April, 2026. Runtime nodejs20 is currently deprecated for Cloud Functions. We recommend you to upgrade to the latest version of Node.js as soon as possible."}]},{"name":"SERVICE","message":"Updating Cloud Run service","state":"IN_PROGRESS","resource":"projects/synapse-cs/locations/us-central1/services/synclevels","resourceUri":"https://console.cloud.google.com/run/detail/us-central1/synclevels?project=synapse-cs","stateMessages":[{"severity":"INFO","type":"CloudRunServiceNewRevisionTrafficInfo","message":"A new revision will be deployed serving with 100% traffic."}]}],"sourceToken":"Cldwcm9qZWN0cy84NDc2ODc2NjM3OTgvbG9jYXRpb25zL3VzLWNlbnRyYWwxL2J1aWxkcy84MWNlNjc4Yi00N2EzLTRjYzktOGJkYS1hYjVmNDU4YTQ5NDASZHVzLWNlbnRyYWwxLWRvY2tlci5wa2cuZGV2L3N5bmFwc2UtY3MvZ2NmLWFydGlmYWN0cy9zeW5hcHNlLS1jc19fdXMtLWNlbnRyYWwxX19zdGVhbV9sb2dpbjp2ZXJzaW9uXzEYtoH98NUYIj5wcm9qZWN0cy9zeW5hcHNlLWNzL2xvY2F0aW9ucy91cy1jZW50cmFsMS9mdW5jdGlvbnMvc3RlYW1Mb2dpbioMCOOYx9EGEOic1LIBMghub2RlanMyMDp2CiNnY3IuaW8vZ2FlLXJ1bnRpbWVzL25vZGVqczIwOnN0YWJsZRJPdXMtY2VudHJhbDEtZG9ja2VyLnBrZy5kZXYvc2VydmVybGVzcy1ydW50aW1lcy9nb29nbGUtMjItZnVsbC9ydW50aW1lcy9ub2RlanMyMEAB","operationType":"UPDATE_FUNCTION","buildName":"projects/847687663798/locations/us-central1/builds/81ce678b-47a3-4cc9-8bda-ab5f458a4940"},"done":false}
[debug] [2026-06-16T22:21:31.813Z] Got source token Cldwcm9qZWN0cy84NDc2ODc2NjM3OTgvbG9jYXRpb25zL3VzLWNlbnRyYWwxL2J1aWxkcy84MWNlNjc4Yi00N2EzLTRjYzktOGJkYS1hYjVmNDU4YTQ5NDASZHVzLWNlbnRyYWwxLWRvY2tlci5wa2cuZGV2L3N5bmFwc2UtY3MvZ2NmLWFydGlmYWN0cy9zeW5hcHNlLS1jc19fdXMtLWNlbnRyYWwxX19zdGVhbV9sb2dpbjp2ZXJzaW9uXzEYtoH98NUYIj5wcm9qZWN0cy9zeW5hcHNlLWNzL2xvY2F0aW9ucy91cy1jZW50cmFsMS9mdW5jdGlvbnMvc3RlYW1Mb2dpbioMCOOYx9EGEOic1LIBMghub2RlanMyMDp2CiNnY3IuaW8vZ2FlLXJ1bnRpbWVzL25vZGVqczIwOnN0YWJsZRJPdXMtY2VudHJhbDEtZG9ja2VyLnBrZy5kZXYvc2VydmVybGVzcy1ydW50aW1lcy9nb29nbGUtMjItZnVsbC9ydW50aW1lcy9ub2RlanMyMEAB for region us-central1
[debug] [2026-06-16T22:21:31.863Z] <<< [apiv2][status] GET https://cloudfunctions.googleapis.com/v2/projects/synapse-cs/locations/us-central1/operations/operation-1781648488202-654665d410256-95e28c0e-1a90b249 200
[debug] [2026-06-16T22:21:31.863Z] <<< [apiv2][body] GET https://cloudfunctions.googleapis.com/v2/projects/synapse-cs/locations/us-central1/operations/operation-1781648488202-654665d410256-95e28c0e-1a90b249 {"name":"projects/synapse-cs/locations/us-central1/operations/operation-1781648488202-654665d410256-95e28c0e-1a90b249","metadata":{"@type":"type.googleapis.com/google.cloud.functions.v2.OperationMetadata","createTime":"2026-06-16T22:21:28.927135848Z","target":"projects/synapse-cs/locations/us-central1/functions/faceitHistory","verb":"update","cancelRequested":false,"apiVersion":"v2","requestResource":{"@type":"type.googleapis.com/google.cloud.functions.v2.Function","name":"projects/synapse-cs/locations/us-central1/functions/faceitHistory","buildConfig":{"runtime":"nodejs20","entryPoint":"faceitHistory","source":{"storageSource":{"bucket":"gcf-v2-sources-847687663798-us-central1","object":"faceitHistory/function-source.zip","generation":"1781648488877046"}},"environmentVariables":{"GOOGLE_NODE_RUN_SCRIPTS":""},"dockerRepository":"projects/synapse-cs/locations/us-central1/repositories/gcf-artifacts","sourceProvenance":{"resolvedStorageSource":{"bucket":"gcf-v2-sources-847687663798-us-central1","object":"faceitHistory/function-source.zip","generation":"1781647745152025"}},"dockerRegistry":"ARTIFACT_REGISTRY","sourceToken":"Cldwcm9qZWN0cy84NDc2ODc2NjM3OTgvbG9jYXRpb25zL3VzLWNlbnRyYWwxL2J1aWxkcy84MWNlNjc4Yi00N2EzLTRjYzktOGJkYS1hYjVmNDU4YTQ5NDASZHVzLWNlbnRyYWwxLWRvY2tlci5wa2cuZGV2L3N5bmFwc2UtY3MvZ2NmLWFydGlmYWN0cy9zeW5hcHNlLS1jc19fdXMtLWNlbnRyYWwxX19zdGVhbV9sb2dpbjp2ZXJzaW9uXzEYtoH98NUYIj5wcm9qZWN0cy9zeW5hcHNlLWNzL2xvY2F0aW9ucy91cy1jZW50cmFsMS9mdW5jdGlvbnMvc3RlYW1Mb2dpbioMCOOYx9EGEOic1LIBMghub2RlanMyMDp2CiNnY3IuaW8vZ2FlLXJ1bnRpbWVzL25vZGVqczIwOnN0YWJsZRJPdXMtY2VudHJhbDEtZG9ja2VyLnBrZy5kZXYvc2VydmVybGVzcy1ydW50aW1lcy9nb29nbGUtMjItZnVsbC9ydW50aW1lcy9ub2RlanMyMEAB","serviceAccount":"projects/synapse-cs/serviceAccounts/847687663798-compute@developer.gserviceaccount.com","automaticUpdatePolicy":{}},"serviceConfig":{"service":"projects/synapse-cs/locations/us-central1/services/faceithistory","timeoutSeconds":60,"environmentVariables":{"FIREBASE_CONFIG":"{\"projectId\":\"synapse-cs\",\"storageBucket\":\"synapse-cs.firebasestorage.app\"}","GCLOUD_PROJECT":"synapse-cs","EVENTARC_CLOUD_EVENT_SOURCE":"projects/synapse-cs/locations/us-central1/services/faceitHistory","FUNCTION_TARGET":"faceitHistory","LOG_EXECUTION_ID":"true","FUNCTION_SIGNATURE_TYPE":"http"},"ingressSettings":"ALLOW_ALL","uri":"https://faceithistory-bx52x5erya-uc.a.run.app","serviceAccountEmail":"847687663798-compute@developer.gserviceaccount.com","availableMemory":"256Mi","allTrafficOnLatestRevision":true,"revision":"faceithistory-00002-zun","maxInstanceRequestConcurrency":80,"availableCpu":"1"},"state":"ACTIVE","labels":{"deployment-tool":"cli-firebase","firebase-functions-hash":"020efb42b6166a9e2be15f2207bf4e6cbd01ca99"},"environment":"GEN_2","url":"https://us-central1-synapse-cs.cloudfunctions.net/faceitHistory","satisfiesPzi":true},"stages":[{"name":"BUILD","message":"Reusing build","state":"COMPLETE","resource":"projects/847687663798/locations/us-central1/builds/81ce678b-47a3-4cc9-8bda-ab5f458a4940","stateMessages":[{"severity":"WARNING","type":"BuildAnalysisWarning","message":"Node.js 20 is no longer supported by the Node.js community as of 30 April, 2026. Runtime nodejs20 is currently deprecated for Cloud Functions. We recommend you to upgrade to the latest version of Node.js as soon as possible."}]},{"name":"SERVICE","message":"Updating Cloud Run service","state":"IN_PROGRESS","resource":"projects/synapse-cs/locations/us-central1/services/faceithistory","resourceUri":"https://console.cloud.google.com/run/detail/us-central1/faceithistory?project=synapse-cs","stateMessages":[{"severity":"INFO","type":"CloudRunServiceNewRevisionTrafficInfo","message":"A new revision will be deployed serving with 100% traffic."}]}],"sourceToken":"Cldwcm9qZWN0cy84NDc2ODc2NjM3OTgvbG9jYXRpb25zL3VzLWNlbnRyYWwxL2J1aWxkcy84MWNlNjc4Yi00N2EzLTRjYzktOGJkYS1hYjVmNDU4YTQ5NDASZHVzLWNlbnRyYWwxLWRvY2tlci5wa2cuZGV2L3N5bmFwc2UtY3MvZ2NmLWFydGlmYWN0cy9zeW5hcHNlLS1jc19fdXMtLWNlbnRyYWwxX19zdGVhbV9sb2dpbjp2ZXJzaW9uXzEYtoH98NUYIj5wcm9qZWN0cy9zeW5hcHNlLWNzL2xvY2F0aW9ucy91cy1jZW50cmFsMS9mdW5jdGlvbnMvc3RlYW1Mb2dpbioMCOOYx9EGEOic1LIBMghub2RlanMyMDp2CiNnY3IuaW8vZ2FlLXJ1bnRpbWVzL25vZGVqczIwOnN0YWJsZRJPdXMtY2VudHJhbDEtZG9ja2VyLnBrZy5kZXYvc2VydmVybGVzcy1ydW50aW1lcy9nb29nbGUtMjItZnVsbC9ydW50aW1lcy9ub2RlanMyMEAB","operationType":"UPDATE_FUNCTION","buildName":"projects/847687663798/locations/us-central1/builds/81ce678b-47a3-4cc9-8bda-ab5f458a4940"},"done":false}
[debug] [2026-06-16T22:21:31.863Z] Got source token Cldwcm9qZWN0cy84NDc2ODc2NjM3OTgvbG9jYXRpb25zL3VzLWNlbnRyYWwxL2J1aWxkcy84MWNlNjc4Yi00N2EzLTRjYzktOGJkYS1hYjVmNDU4YTQ5NDASZHVzLWNlbnRyYWwxLWRvY2tlci5wa2cuZGV2L3N5bmFwc2UtY3MvZ2NmLWFydGlmYWN0cy9zeW5hcHNlLS1jc19fdXMtLWNlbnRyYWwxX19zdGVhbV9sb2dpbjp2ZXJzaW9uXzEYtoH98NUYIj5wcm9qZWN0cy9zeW5hcHNlLWNzL2xvY2F0aW9ucy91cy1jZW50cmFsMS9mdW5jdGlvbnMvc3RlYW1Mb2dpbioMCOOYx9EGEOic1LIBMghub2RlanMyMDp2CiNnY3IuaW8vZ2FlLXJ1bnRpbWVzL25vZGVqczIwOnN0YWJsZRJPdXMtY2VudHJhbDEtZG9ja2VyLnBrZy5kZXYvc2VydmVybGVzcy1ydW50aW1lcy9nb29nbGUtMjItZnVsbC9ydW50aW1lcy9ub2RlanMyMEAB for region us-central1
[debug] [2026-06-16T22:21:32.674Z] [update-default-us-central1-receiveMatchStats] Retrying task index 0
[debug] [2026-06-16T22:21:32.675Z] Checked if tokens are valid: true, expires at: 1781649859103
[debug] [2026-06-16T22:21:32.675Z] Checked if tokens are valid: true, expires at: 1781649859103
[debug] [2026-06-16T22:21:32.675Z] >>> [apiv2][query] GET https://cloudfunctions.googleapis.com/v2/projects/synapse-cs/locations/us-central1/operations/operation-1781648488145-654665d402209-d017d83a-696998a3 [none]
[debug] [2026-06-16T22:21:32.719Z] [update-default-us-central1-faceitStats] Retrying task index 0
[debug] [2026-06-16T22:21:32.720Z] Checked if tokens are valid: true, expires at: 1781649859103
[debug] [2026-06-16T22:21:32.720Z] Checked if tokens are valid: true, expires at: 1781649859103
[debug] [2026-06-16T22:21:32.720Z] >>> [apiv2][query] GET https://cloudfunctions.googleapis.com/v2/projects/synapse-cs/locations/us-central1/operations/operation-1781648488115-654665d3fae44-b3a39411-155c7d9c [none]
[debug] [2026-06-16T22:21:32.729Z] [update-default-us-central1-updateMixScore] Retrying task index 0
[debug] [2026-06-16T22:21:32.729Z] Checked if tokens are valid: true, expires at: 1781649859103
[debug] [2026-06-16T22:21:32.729Z] Checked if tokens are valid: true, expires at: 1781649859103
[debug] [2026-06-16T22:21:32.729Z] >>> [apiv2][query] GET https://cloudfunctions.googleapis.com/v2/projects/synapse-cs/locations/us-central1/operations/operation-1781648488144-654665d402003-02699133-fef61db2 [none]
[debug] [2026-06-16T22:21:32.813Z] [update-default-us-central1-syncLevels] Retrying task index 0
[debug] [2026-06-16T22:21:32.813Z] Checked if tokens are valid: true, expires at: 1781649859103
[debug] [2026-06-16T22:21:32.813Z] Checked if tokens are valid: true, expires at: 1781649859103
[debug] [2026-06-16T22:21:32.813Z] >>> [apiv2][query] GET https://cloudfunctions.googleapis.com/v2/projects/synapse-cs/locations/us-central1/operations/operation-1781648488228-654665d416527-eea67854-d4ab0c50 [none]
[debug] [2026-06-16T22:21:32.864Z] [update-default-us-central1-faceitHistory] Retrying task index 0
[debug] [2026-06-16T22:21:32.864Z] Checked if tokens are valid: true, expires at: 1781649859103
[debug] [2026-06-16T22:21:32.864Z] Checked if tokens are valid: true, expires at: 1781649859103
[debug] [2026-06-16T22:21:32.864Z] >>> [apiv2][query] GET https://cloudfunctions.googleapis.com/v2/projects/synapse-cs/locations/us-central1/operations/operation-1781648488202-654665d410256-95e28c0e-1a90b249 [none]
[debug] [2026-06-16T22:21:33.601Z] <<< [apiv2][status] GET https://cloudfunctions.googleapis.com/v2/projects/synapse-cs/locations/us-central1/operations/operation-1781648488145-654665d402209-d017d83a-696998a3 200
[debug] [2026-06-16T22:21:33.601Z] <<< [apiv2][body] GET https://cloudfunctions.googleapis.com/v2/projects/synapse-cs/locations/us-central1/operations/operation-1781648488145-654665d402209-d017d83a-696998a3 {"name":"projects/synapse-cs/locations/us-central1/operations/operation-1781648488145-654665d402209-d017d83a-696998a3","metadata":{"@type":"type.googleapis.com/google.cloud.functions.v2.OperationMetadata","createTime":"2026-06-16T22:21:28.901644431Z","target":"projects/synapse-cs/locations/us-central1/functions/receiveMatchStats","verb":"update","cancelRequested":false,"apiVersion":"v2","requestResource":{"@type":"type.googleapis.com/google.cloud.functions.v2.Function","name":"projects/synapse-cs/locations/us-central1/functions/receiveMatchStats","buildConfig":{"runtime":"nodejs20","entryPoint":"receiveMatchStats","source":{"storageSource":{"bucket":"gcf-v2-sources-847687663798-us-central1","object":"receiveMatchStats/function-source.zip","generation":"1781648488820639"}},"environmentVariables":{"GOOGLE_NODE_RUN_SCRIPTS":""},"dockerRepository":"projects/synapse-cs/locations/us-central1/repositories/gcf-artifacts","sourceProvenance":{"resolvedStorageSource":{"bucket":"gcf-v2-sources-847687663798-us-central1","object":"receiveMatchStats/function-source.zip","generation":"1781647745197334"}},"dockerRegistry":"ARTIFACT_REGISTRY","sourceToken":"Cldwcm9qZWN0cy84NDc2ODc2NjM3OTgvbG9jYXRpb25zL3VzLWNlbnRyYWwxL2J1aWxkcy84MWNlNjc4Yi00N2EzLTRjYzktOGJkYS1hYjVmNDU4YTQ5NDASZHVzLWNlbnRyYWwxLWRvY2tlci5wa2cuZGV2L3N5bmFwc2UtY3MvZ2NmLWFydGlmYWN0cy9zeW5hcHNlLS1jc19fdXMtLWNlbnRyYWwxX19zdGVhbV9sb2dpbjp2ZXJzaW9uXzEYtoH98NUYIj5wcm9qZWN0cy9zeW5hcHNlLWNzL2xvY2F0aW9ucy91cy1jZW50cmFsMS9mdW5jdGlvbnMvc3RlYW1Mb2dpbioMCOOYx9EGEOic1LIBMghub2RlanMyMDp2CiNnY3IuaW8vZ2FlLXJ1bnRpbWVzL25vZGVqczIwOnN0YWJsZRJPdXMtY2VudHJhbDEtZG9ja2VyLnBrZy5kZXYvc2VydmVybGVzcy1ydW50aW1lcy9nb29nbGUtMjItZnVsbC9ydW50aW1lcy9ub2RlanMyMEAB","serviceAccount":"projects/synapse-cs/serviceAccounts/847687663798-compute@developer.gserviceaccount.com","automaticUpdatePolicy":{}},"serviceConfig":{"service":"projects/synapse-cs/locations/us-central1/services/receivematchstats","timeoutSeconds":60,"environmentVariables":{"FIREBASE_CONFIG":"{\"projectId\":\"synapse-cs\",\"storageBucket\":\"synapse-cs.firebasestorage.app\"}","GCLOUD_PROJECT":"synapse-cs","EVENTARC_CLOUD_EVENT_SOURCE":"projects/synapse-cs/locations/us-central1/services/receiveMatchStats","FUNCTION_TARGET":"receiveMatchStats","LOG_EXECUTION_ID":"true","FUNCTION_SIGNATURE_TYPE":"http"},"ingressSettings":"ALLOW_ALL","uri":"https://receivematchstats-bx52x5erya-uc.a.run.app","serviceAccountEmail":"847687663798-compute@developer.gserviceaccount.com","availableMemory":"256Mi","allTrafficOnLatestRevision":true,"secretEnvironmentVariables":[{"key":"SYNAPSE_SERVER_SECRET","projectId":"synapse-cs","secret":"SYNAPSE_SERVER_SECRET","version":"1"}],"revision":"receivematchstats-00002-rub","maxInstanceRequestConcurrency":80,"availableCpu":"1"},"state":"ACTIVE","labels":{"deployment-tool":"cli-firebase","firebase-functions-hash":"4605589e9225acf233f5a4308be3571620d88fea"},"environment":"GEN_2","url":"https://us-central1-synapse-cs.cloudfunctions.net/receiveMatchStats","satisfiesPzi":true},"stages":[{"name":"BUILD","message":"Reusing build","state":"COMPLETE","resource":"projects/847687663798/locations/us-central1/builds/81ce678b-47a3-4cc9-8bda-ab5f458a4940","stateMessages":[{"severity":"WARNING","type":"BuildAnalysisWarning","message":"Node.js 20 is no longer supported by the Node.js community as of 30 April, 2026. Runtime nodejs20 is currently deprecated for Cloud Functions. We recommend you to upgrade to the latest version of Node.js as soon as possible."}]},{"name":"SERVICE","message":"Updating Cloud Run service","state":"IN_PROGRESS","resource":"projects/synapse-cs/locations/us-central1/services/receivematchstats","resourceUri":"https://console.cloud.google.com/run/detail/us-central1/receivematchstats?project=synapse-cs","stateMessages":[{"severity":"INFO","type":"CloudRunServiceNewRevisionTrafficInfo","message":"A new revision will be deployed serving with 100% traffic."}]}],"sourceToken":"Cldwcm9qZWN0cy84NDc2ODc2NjM3OTgvbG9jYXRpb25zL3VzLWNlbnRyYWwxL2J1aWxkcy84MWNlNjc4Yi00N2EzLTRjYzktOGJkYS1hYjVmNDU4YTQ5NDASZHVzLWNlbnRyYWwxLWRvY2tlci5wa2cuZGV2L3N5bmFwc2UtY3MvZ2NmLWFydGlmYWN0cy9zeW5hcHNlLS1jc19fdXMtLWNlbnRyYWwxX19zdGVhbV9sb2dpbjp2ZXJzaW9uXzEYtoH98NUYIj5wcm9qZWN0cy9zeW5hcHNlLWNzL2xvY2F0aW9ucy91cy1jZW50cmFsMS9mdW5jdGlvbnMvc3RlYW1Mb2dpbioMCOOYx9EGEOic1LIBMghub2RlanMyMDp2CiNnY3IuaW8vZ2FlLXJ1bnRpbWVzL25vZGVqczIwOnN0YWJsZRJPdXMtY2VudHJhbDEtZG9ja2VyLnBrZy5kZXYvc2VydmVybGVzcy1ydW50aW1lcy9nb29nbGUtMjItZnVsbC9ydW50aW1lcy9ub2RlanMyMEAB","operationType":"UPDATE_FUNCTION","buildName":"projects/847687663798/locations/us-central1/builds/81ce678b-47a3-4cc9-8bda-ab5f458a4940"},"done":false}
[debug] [2026-06-16T22:21:33.601Z] Got source token Cldwcm9qZWN0cy84NDc2ODc2NjM3OTgvbG9jYXRpb25zL3VzLWNlbnRyYWwxL2J1aWxkcy84MWNlNjc4Yi00N2EzLTRjYzktOGJkYS1hYjVmNDU4YTQ5NDASZHVzLWNlbnRyYWwxLWRvY2tlci5wa2cuZGV2L3N5bmFwc2UtY3MvZ2NmLWFydGlmYWN0cy9zeW5hcHNlLS1jc19fdXMtLWNlbnRyYWwxX19zdGVhbV9sb2dpbjp2ZXJzaW9uXzEYtoH98NUYIj5wcm9qZWN0cy9zeW5hcHNlLWNzL2xvY2F0aW9ucy91cy1jZW50cmFsMS9mdW5jdGlvbnMvc3RlYW1Mb2dpbioMCOOYx9EGEOic1LIBMghub2RlanMyMDp2CiNnY3IuaW8vZ2FlLXJ1bnRpbWVzL25vZGVqczIwOnN0YWJsZRJPdXMtY2VudHJhbDEtZG9ja2VyLnBrZy5kZXYvc2VydmVybGVzcy1ydW50aW1lcy9nb29nbGUtMjItZnVsbC9ydW50aW1lcy9ub2RlanMyMEAB for region us-central1
[debug] [2026-06-16T22:21:33.626Z] <<< [apiv2][status] GET https://cloudfunctions.googleapis.com/v2/projects/synapse-cs/locations/us-central1/operations/operation-1781648488115-654665d3fae44-b3a39411-155c7d9c 200
[debug] [2026-06-16T22:21:33.626Z] <<< [apiv2][body] GET https://cloudfunctions.googleapis.com/v2/projects/synapse-cs/locations/us-central1/operations/operation-1781648488115-654665d3fae44-b3a39411-155c7d9c {"name":"projects/synapse-cs/locations/us-central1/operations/operation-1781648488115-654665d3fae44-b3a39411-155c7d9c","metadata":{"@type":"type.googleapis.com/google.cloud.functions.v2.OperationMetadata","createTime":"2026-06-16T22:21:28.909305208Z","target":"projects/synapse-cs/locations/us-central1/functions/faceitStats","verb":"update","cancelRequested":false,"apiVersion":"v2","requestResource":{"@type":"type.googleapis.com/google.cloud.functions.v2.Function","name":"projects/synapse-cs/locations/us-central1/functions/faceitStats","buildConfig":{"runtime":"nodejs20","entryPoint":"faceitStats","source":{"storageSource":{"bucket":"gcf-v2-sources-847687663798-us-central1","object":"faceitStats/function-source.zip","generation":"1781648488859177"}},"environmentVariables":{"GOOGLE_NODE_RUN_SCRIPTS":""},"dockerRepository":"projects/synapse-cs/locations/us-central1/repositories/gcf-artifacts","sourceProvenance":{"resolvedStorageSource":{"bucket":"gcf-v2-sources-847687663798-us-central1","object":"faceitStats/function-source.zip","generation":"1781647745092040"}},"dockerRegistry":"ARTIFACT_REGISTRY","sourceToken":"Cldwcm9qZWN0cy84NDc2ODc2NjM3OTgvbG9jYXRpb25zL3VzLWNlbnRyYWwxL2J1aWxkcy84MWNlNjc4Yi00N2EzLTRjYzktOGJkYS1hYjVmNDU4YTQ5NDASZHVzLWNlbnRyYWwxLWRvY2tlci5wa2cuZGV2L3N5bmFwc2UtY3MvZ2NmLWFydGlmYWN0cy9zeW5hcHNlLS1jc19fdXMtLWNlbnRyYWwxX19zdGVhbV9sb2dpbjp2ZXJzaW9uXzEYtoH98NUYIj5wcm9qZWN0cy9zeW5hcHNlLWNzL2xvY2F0aW9ucy91cy1jZW50cmFsMS9mdW5jdGlvbnMvc3RlYW1Mb2dpbioMCOOYx9EGEOic1LIBMghub2RlanMyMDp2CiNnY3IuaW8vZ2FlLXJ1bnRpbWVzL25vZGVqczIwOnN0YWJsZRJPdXMtY2VudHJhbDEtZG9ja2VyLnBrZy5kZXYvc2VydmVybGVzcy1ydW50aW1lcy9nb29nbGUtMjItZnVsbC9ydW50aW1lcy9ub2RlanMyMEAB","serviceAccount":"projects/synapse-cs/serviceAccounts/847687663798-compute@developer.gserviceaccount.com","automaticUpdatePolicy":{}},"serviceConfig":{"service":"projects/synapse-cs/locations/us-central1/services/faceitstats","timeoutSeconds":60,"environmentVariables":{"FIREBASE_CONFIG":"{\"projectId\":\"synapse-cs\",\"storageBucket\":\"synapse-cs.firebasestorage.app\"}","GCLOUD_PROJECT":"synapse-cs","EVENTARC_CLOUD_EVENT_SOURCE":"projects/synapse-cs/locations/us-central1/services/faceitStats","FUNCTION_TARGET":"faceitStats","LOG_EXECUTION_ID":"true","FUNCTION_SIGNATURE_TYPE":"http"},"ingressSettings":"ALLOW_ALL","uri":"https://faceitstats-bx52x5erya-uc.a.run.app","serviceAccountEmail":"847687663798-compute@developer.gserviceaccount.com","availableMemory":"256Mi","allTrafficOnLatestRevision":true,"revision":"faceitstats-00002-wup","maxInstanceRequestConcurrency":80,"availableCpu":"1"},"state":"ACTIVE","labels":{"deployment-tool":"cli-firebase","firebase-functions-hash":"020efb42b6166a9e2be15f2207bf4e6cbd01ca99"},"environment":"GEN_2","url":"https://us-central1-synapse-cs.cloudfunctions.net/faceitStats","satisfiesPzi":true},"stages":[{"name":"BUILD","message":"Reusing build","state":"COMPLETE","resource":"projects/847687663798/locations/us-central1/builds/81ce678b-47a3-4cc9-8bda-ab5f458a4940","stateMessages":[{"severity":"WARNING","type":"BuildAnalysisWarning","message":"Node.js 20 is no longer supported by the Node.js community as of 30 April, 2026. Runtime nodejs20 is currently deprecated for Cloud Functions. We recommend you to upgrade to the latest version of Node.js as soon as possible."}]},{"name":"SERVICE","message":"Updating Cloud Run service","state":"IN_PROGRESS","resource":"projects/synapse-cs/locations/us-central1/services/faceitstats","resourceUri":"https://console.cloud.google.com/run/detail/us-central1/faceitstats?project=synapse-cs","stateMessages":[{"severity":"INFO","type":"CloudRunServiceNewRevisionTrafficInfo","message":"A new revision will be deployed serving with 100% traffic."}]}],"sourceToken":"Cldwcm9qZWN0cy84NDc2ODc2NjM3OTgvbG9jYXRpb25zL3VzLWNlbnRyYWwxL2J1aWxkcy84MWNlNjc4Yi00N2EzLTRjYzktOGJkYS1hYjVmNDU4YTQ5NDASZHVzLWNlbnRyYWwxLWRvY2tlci5wa2cuZGV2L3N5bmFwc2UtY3MvZ2NmLWFydGlmYWN0cy9zeW5hcHNlLS1jc19fdXMtLWNlbnRyYWwxX19zdGVhbV9sb2dpbjp2ZXJzaW9uXzEYtoH98NUYIj5wcm9qZWN0cy9zeW5hcHNlLWNzL2xvY2F0aW9ucy91cy1jZW50cmFsMS9mdW5jdGlvbnMvc3RlYW1Mb2dpbioMCOOYx9EGEOic1LIBMghub2RlanMyMDp2CiNnY3IuaW8vZ2FlLXJ1bnRpbWVzL25vZGVqczIwOnN0YWJsZRJPdXMtY2VudHJhbDEtZG9ja2VyLnBrZy5kZXYvc2VydmVybGVzcy1ydW50aW1lcy9nb29nbGUtMjItZnVsbC9ydW50aW1lcy9ub2RlanMyMEAB","operationType":"UPDATE_FUNCTION","buildName":"projects/847687663798/locations/us-central1/builds/81ce678b-47a3-4cc9-8bda-ab5f458a4940"},"done":false}
[debug] [2026-06-16T22:21:33.626Z] Got source token Cldwcm9qZWN0cy84NDc2ODc2NjM3OTgvbG9jYXRpb25zL3VzLWNlbnRyYWwxL2J1aWxkcy84MWNlNjc4Yi00N2EzLTRjYzktOGJkYS1hYjVmNDU4YTQ5NDASZHVzLWNlbnRyYWwxLWRvY2tlci5wa2cuZGV2L3N5bmFwc2UtY3MvZ2NmLWFydGlmYWN0cy9zeW5hcHNlLS1jc19fdXMtLWNlbnRyYWwxX19zdGVhbV9sb2dpbjp2ZXJzaW9uXzEYtoH98NUYIj5wcm9qZWN0cy9zeW5hcHNlLWNzL2xvY2F0aW9ucy91cy1jZW50cmFsMS9mdW5jdGlvbnMvc3RlYW1Mb2dpbioMCOOYx9EGEOic1LIBMghub2RlanMyMDp2CiNnY3IuaW8vZ2FlLXJ1bnRpbWVzL25vZGVqczIwOnN0YWJsZRJPdXMtY2VudHJhbDEtZG9ja2VyLnBrZy5kZXYvc2VydmVybGVzcy1ydW50aW1lcy9nb29nbGUtMjItZnVsbC9ydW50aW1lcy9ub2RlanMyMEAB for region us-central1
[debug] [2026-06-16T22:21:33.648Z] <<< [apiv2][status] GET https://cloudfunctions.googleapis.com/v2/projects/synapse-cs/locations/us-central1/operations/operation-1781648488144-654665d402003-02699133-fef61db2 200
[debug] [2026-06-16T22:21:33.648Z] <<< [apiv2][body] GET https://cloudfunctions.googleapis.com/v2/projects/synapse-cs/locations/us-central1/operations/operation-1781648488144-654665d402003-02699133-fef61db2 {"name":"projects/synapse-cs/locations/us-central1/operations/operation-1781648488144-654665d402003-02699133-fef61db2","metadata":{"@type":"type.googleapis.com/google.cloud.functions.v2.OperationMetadata","createTime":"2026-06-16T22:21:28.920137590Z","target":"projects/synapse-cs/locations/us-central1/functions/updateMixScore","verb":"update","cancelRequested":false,"apiVersion":"v2","requestResource":{"@type":"type.googleapis.com/google.cloud.functions.v2.Function","name":"projects/synapse-cs/locations/us-central1/functions/updateMixScore","buildConfig":{"runtime":"nodejs20","entryPoint":"updateMixScore","source":{"storageSource":{"bucket":"gcf-v2-sources-847687663798-us-central1","object":"updateMixScore/function-source.zip","generation":"1781648488871596"}},"environmentVariables":{"GOOGLE_NODE_RUN_SCRIPTS":""},"dockerRepository":"projects/synapse-cs/locations/us-central1/repositories/gcf-artifacts","sourceProvenance":{"resolvedStorageSource":{"bucket":"gcf-v2-sources-847687663798-us-central1","object":"updateMixScore/function-source.zip","generation":"1781647745156852"}},"dockerRegistry":"ARTIFACT_REGISTRY","sourceToken":"Cldwcm9qZWN0cy84NDc2ODc2NjM3OTgvbG9jYXRpb25zL3VzLWNlbnRyYWwxL2J1aWxkcy84MWNlNjc4Yi00N2EzLTRjYzktOGJkYS1hYjVmNDU4YTQ5NDASZHVzLWNlbnRyYWwxLWRvY2tlci5wa2cuZGV2L3N5bmFwc2UtY3MvZ2NmLWFydGlmYWN0cy9zeW5hcHNlLS1jc19fdXMtLWNlbnRyYWwxX19zdGVhbV9sb2dpbjp2ZXJzaW9uXzEYtoH98NUYIj5wcm9qZWN0cy9zeW5hcHNlLWNzL2xvY2F0aW9ucy91cy1jZW50cmFsMS9mdW5jdGlvbnMvc3RlYW1Mb2dpbioMCOOYx9EGEOic1LIBMghub2RlanMyMDp2CiNnY3IuaW8vZ2FlLXJ1bnRpbWVzL25vZGVqczIwOnN0YWJsZRJPdXMtY2VudHJhbDEtZG9ja2VyLnBrZy5kZXYvc2VydmVybGVzcy1ydW50aW1lcy9nb29nbGUtMjItZnVsbC9ydW50aW1lcy9ub2RlanMyMEAB","serviceAccount":"projects/synapse-cs/serviceAccounts/847687663798-compute@developer.gserviceaccount.com","automaticUpdatePolicy":{}},"serviceConfig":{"service":"projects/synapse-cs/locations/us-central1/services/updatemixscore","timeoutSeconds":60,"environmentVariables":{"FIREBASE_CONFIG":"{\"projectId\":\"synapse-cs\",\"storageBucket\":\"synapse-cs.firebasestorage.app\"}","GCLOUD_PROJECT":"synapse-cs","EVENTARC_CLOUD_EVENT_SOURCE":"projects/synapse-cs/locations/us-central1/services/updateMixScore","FUNCTION_TARGET":"updateMixScore","LOG_EXECUTION_ID":"true","FUNCTION_SIGNATURE_TYPE":"http"},"ingressSettings":"ALLOW_ALL","uri":"https://updatemixscore-bx52x5erya-uc.a.run.app","serviceAccountEmail":"847687663798-compute@developer.gserviceaccount.com","availableMemory":"256Mi","allTrafficOnLatestRevision":true,"revision":"updatemixscore-00002-nax","maxInstanceRequestConcurrency":80,"availableCpu":"1"},"state":"ACTIVE","labels":{"deployment-tool":"cli-firebase","firebase-functions-hash":"020efb42b6166a9e2be15f2207bf4e6cbd01ca99"},"environment":"GEN_2","url":"https://us-central1-synapse-cs.cloudfunctions.net/updateMixScore","satisfiesPzi":true},"stages":[{"name":"BUILD","message":"Reusing build","state":"COMPLETE","resource":"projects/847687663798/locations/us-central1/builds/81ce678b-47a3-4cc9-8bda-ab5f458a4940","stateMessages":[{"severity":"WARNING","type":"BuildAnalysisWarning","message":"Node.js 20 is no longer supported by the Node.js community as of 30 April, 2026. Runtime nodejs20 is currently deprecated for Cloud Functions. We recommend you to upgrade to the latest version of Node.js as soon as possible."}]},{"name":"SERVICE","message":"Updating Cloud Run service","state":"IN_PROGRESS","resource":"projects/synapse-cs/locations/us-central1/services/updatemixscore","resourceUri":"https://console.cloud.google.com/run/detail/us-central1/updatemixscore?project=synapse-cs","stateMessages":[{"severity":"INFO","type":"CloudRunServiceNewRevisionTrafficInfo","message":"A new revision will be deployed serving with 100% traffic."}]}],"sourceToken":"Cldwcm9qZWN0cy84NDc2ODc2NjM3OTgvbG9jYXRpb25zL3VzLWNlbnRyYWwxL2J1aWxkcy84MWNlNjc4Yi00N2EzLTRjYzktOGJkYS1hYjVmNDU4YTQ5NDASZHVzLWNlbnRyYWwxLWRvY2tlci5wa2cuZGV2L3N5bmFwc2UtY3MvZ2NmLWFydGlmYWN0cy9zeW5hcHNlLS1jc19fdXMtLWNlbnRyYWwxX19zdGVhbV9sb2dpbjp2ZXJzaW9uXzEYtoH98NUYIj5wcm9qZWN0cy9zeW5hcHNlLWNzL2xvY2F0aW9ucy91cy1jZW50cmFsMS9mdW5jdGlvbnMvc3RlYW1Mb2dpbioMCOOYx9EGEOic1LIBMghub2RlanMyMDp2CiNnY3IuaW8vZ2FlLXJ1bnRpbWVzL25vZGVqczIwOnN0YWJsZRJPdXMtY2VudHJhbDEtZG9ja2VyLnBrZy5kZXYvc2VydmVybGVzcy1ydW50aW1lcy9nb29nbGUtMjItZnVsbC9ydW50aW1lcy9ub2RlanMyMEAB","operationType":"UPDATE_FUNCTION","buildName":"projects/847687663798/locations/us-central1/builds/81ce678b-47a3-4cc9-8bda-ab5f458a4940"},"done":false}
[debug] [2026-06-16T22:21:33.648Z] Got source token Cldwcm9qZWN0cy84NDc2ODc2NjM3OTgvbG9jYXRpb25zL3VzLWNlbnRyYWwxL2J1aWxkcy84MWNlNjc4Yi00N2EzLTRjYzktOGJkYS1hYjVmNDU4YTQ5NDASZHVzLWNlbnRyYWwxLWRvY2tlci5wa2cuZGV2L3N5bmFwc2UtY3MvZ2NmLWFydGlmYWN0cy9zeW5hcHNlLS1jc19fdXMtLWNlbnRyYWwxX19zdGVhbV9sb2dpbjp2ZXJzaW9uXzEYtoH98NUYIj5wcm9qZWN0cy9zeW5hcHNlLWNzL2xvY2F0aW9ucy91cy1jZW50cmFsMS9mdW5jdGlvbnMvc3RlYW1Mb2dpbioMCOOYx9EGEOic1LIBMghub2RlanMyMDp2CiNnY3IuaW8vZ2FlLXJ1bnRpbWVzL25vZGVqczIwOnN0YWJsZRJPdXMtY2VudHJhbDEtZG9ja2VyLnBrZy5kZXYvc2VydmVybGVzcy1ydW50aW1lcy9nb29nbGUtMjItZnVsbC9ydW50aW1lcy9ub2RlanMyMEAB for region us-central1
[debug] [2026-06-16T22:21:33.738Z] <<< [apiv2][status] GET https://cloudfunctions.googleapis.com/v2/projects/synapse-cs/locations/us-central1/operations/operation-1781648488228-654665d416527-eea67854-d4ab0c50 200
[debug] [2026-06-16T22:21:33.738Z] <<< [apiv2][body] GET https://cloudfunctions.googleapis.com/v2/projects/synapse-cs/locations/us-central1/operations/operation-1781648488228-654665d416527-eea67854-d4ab0c50 {"name":"projects/synapse-cs/locations/us-central1/operations/operation-1781648488228-654665d416527-eea67854-d4ab0c50","metadata":{"@type":"type.googleapis.com/google.cloud.functions.v2.OperationMetadata","createTime":"2026-06-16T22:21:28.990495738Z","target":"projects/synapse-cs/locations/us-central1/functions/syncLevels","verb":"update","cancelRequested":false,"apiVersion":"v2","requestResource":{"@type":"type.googleapis.com/google.cloud.functions.v2.Function","name":"projects/synapse-cs/locations/us-central1/functions/syncLevels","buildConfig":{"runtime":"nodejs20","entryPoint":"syncLevels","source":{"storageSource":{"bucket":"gcf-v2-sources-847687663798-us-central1","object":"syncLevels/function-source.zip","generation":"1781648488942708"}},"environmentVariables":{"GOOGLE_NODE_RUN_SCRIPTS":""},"dockerRepository":"projects/synapse-cs/locations/us-central1/repositories/gcf-artifacts","sourceProvenance":{"resolvedStorageSource":{"bucket":"gcf-v2-sources-847687663798-us-central1","object":"syncLevels/function-source.zip","generation":"1781647745287583"}},"dockerRegistry":"ARTIFACT_REGISTRY","sourceToken":"Cldwcm9qZWN0cy84NDc2ODc2NjM3OTgvbG9jYXRpb25zL3VzLWNlbnRyYWwxL2J1aWxkcy84MWNlNjc4Yi00N2EzLTRjYzktOGJkYS1hYjVmNDU4YTQ5NDASZHVzLWNlbnRyYWwxLWRvY2tlci5wa2cuZGV2L3N5bmFwc2UtY3MvZ2NmLWFydGlmYWN0cy9zeW5hcHNlLS1jc19fdXMtLWNlbnRyYWwxX19zdGVhbV9sb2dpbjp2ZXJzaW9uXzEYtoH98NUYIj5wcm9qZWN0cy9zeW5hcHNlLWNzL2xvY2F0aW9ucy91cy1jZW50cmFsMS9mdW5jdGlvbnMvc3RlYW1Mb2dpbioMCOOYx9EGEOic1LIBMghub2RlanMyMDp2CiNnY3IuaW8vZ2FlLXJ1bnRpbWVzL25vZGVqczIwOnN0YWJsZRJPdXMtY2VudHJhbDEtZG9ja2VyLnBrZy5kZXYvc2VydmVybGVzcy1ydW50aW1lcy9nb29nbGUtMjItZnVsbC9ydW50aW1lcy9ub2RlanMyMEAB","serviceAccount":"projects/synapse-cs/serviceAccounts/847687663798-compute@developer.gserviceaccount.com","automaticUpdatePolicy":{}},"serviceConfig":{"service":"projects/synapse-cs/locations/us-central1/services/synclevels","timeoutSeconds":60,"environmentVariables":{"FIREBASE_CONFIG":"{\"projectId\":\"synapse-cs\",\"storageBucket\":\"synapse-cs.firebasestorage.app\"}","GCLOUD_PROJECT":"synapse-cs","EVENTARC_CLOUD_EVENT_SOURCE":"projects/synapse-cs/locations/us-central1/services/syncLevels","FUNCTION_TARGET":"syncLevels","LOG_EXECUTION_ID":"true","FUNCTION_SIGNATURE_TYPE":"http"},"ingressSettings":"ALLOW_ALL","uri":"https://synclevels-bx52x5erya-uc.a.run.app","serviceAccountEmail":"847687663798-compute@developer.gserviceaccount.com","availableMemory":"256Mi","allTrafficOnLatestRevision":true,"revision":"synclevels-00002-put","maxInstanceRequestConcurrency":80,"availableCpu":"1"},"state":"ACTIVE","labels":{"deployment-tool":"cli-firebase","firebase-functions-hash":"020efb42b6166a9e2be15f2207bf4e6cbd01ca99"},"environment":"GEN_2","url":"https://us-central1-synapse-cs.cloudfunctions.net/syncLevels","satisfiesPzi":true},"stages":[{"name":"BUILD","message":"Reusing build","state":"COMPLETE","resource":"projects/847687663798/locations/us-central1/builds/81ce678b-47a3-4cc9-8bda-ab5f458a4940","stateMessages":[{"severity":"WARNING","type":"BuildAnalysisWarning","message":"Node.js 20 is no longer supported by the Node.js community as of 30 April, 2026. Runtime nodejs20 is currently deprecated for Cloud Functions. We recommend you to upgrade to the latest version of Node.js as soon as possible."}]},{"name":"SERVICE","message":"Updating Cloud Run service","state":"IN_PROGRESS","resource":"projects/synapse-cs/locations/us-central1/services/synclevels","resourceUri":"https://console.cloud.google.com/run/detail/us-central1/synclevels?project=synapse-cs","stateMessages":[{"severity":"INFO","type":"CloudRunServiceNewRevisionTrafficInfo","message":"A new revision will be deployed serving with 100% traffic."}]}],"sourceToken":"Cldwcm9qZWN0cy84NDc2ODc2NjM3OTgvbG9jYXRpb25zL3VzLWNlbnRyYWwxL2J1aWxkcy84MWNlNjc4Yi00N2EzLTRjYzktOGJkYS1hYjVmNDU4YTQ5NDASZHVzLWNlbnRyYWwxLWRvY2tlci5wa2cuZGV2L3N5bmFwc2UtY3MvZ2NmLWFydGlmYWN0cy9zeW5hcHNlLS1jc19fdXMtLWNlbnRyYWwxX19zdGVhbV9sb2dpbjp2ZXJzaW9uXzEYtoH98NUYIj5wcm9qZWN0cy9zeW5hcHNlLWNzL2xvY2F0aW9ucy91cy1jZW50cmFsMS9mdW5jdGlvbnMvc3RlYW1Mb2dpbioMCOOYx9EGEOic1LIBMghub2RlanMyMDp2CiNnY3IuaW8vZ2FlLXJ1bnRpbWVzL25vZGVqczIwOnN0YWJsZRJPdXMtY2VudHJhbDEtZG9ja2VyLnBrZy5kZXYvc2VydmVybGVzcy1ydW50aW1lcy9nb29nbGUtMjItZnVsbC9ydW50aW1lcy9ub2RlanMyMEAB","operationType":"UPDATE_FUNCTION","buildName":"projects/847687663798/locations/us-central1/builds/81ce678b-47a3-4cc9-8bda-ab5f458a4940"},"done":false}
[debug] [2026-06-16T22:21:33.738Z] Got source token Cldwcm9qZWN0cy84NDc2ODc2NjM3OTgvbG9jYXRpb25zL3VzLWNlbnRyYWwxL2J1aWxkcy84MWNlNjc4Yi00N2EzLTRjYzktOGJkYS1hYjVmNDU4YTQ5NDASZHVzLWNlbnRyYWwxLWRvY2tlci5wa2cuZGV2L3N5bmFwc2UtY3MvZ2NmLWFydGlmYWN0cy9zeW5hcHNlLS1jc19fdXMtLWNlbnRyYWwxX19zdGVhbV9sb2dpbjp2ZXJzaW9uXzEYtoH98NUYIj5wcm9qZWN0cy9zeW5hcHNlLWNzL2xvY2F0aW9ucy91cy1jZW50cmFsMS9mdW5jdGlvbnMvc3RlYW1Mb2dpbioMCOOYx9EGEOic1LIBMghub2RlanMyMDp2CiNnY3IuaW8vZ2FlLXJ1bnRpbWVzL25vZGVqczIwOnN0YWJsZRJPdXMtY2VudHJhbDEtZG9ja2VyLnBrZy5kZXYvc2VydmVybGVzcy1ydW50aW1lcy9nb29nbGUtMjItZnVsbC9ydW50aW1lcy9ub2RlanMyMEAB for region us-central1
[debug] [2026-06-16T22:21:33.778Z] <<< [apiv2][status] GET https://cloudfunctions.googleapis.com/v2/projects/synapse-cs/locations/us-central1/operations/operation-1781648488202-654665d410256-95e28c0e-1a90b249 200
[debug] [2026-06-16T22:21:33.778Z] <<< [apiv2][body] GET https://cloudfunctions.googleapis.com/v2/projects/synapse-cs/locations/us-central1/operations/operation-1781648488202-654665d410256-95e28c0e-1a90b249 {"name":"projects/synapse-cs/locations/us-central1/operations/operation-1781648488202-654665d410256-95e28c0e-1a90b249","metadata":{"@type":"type.googleapis.com/google.cloud.functions.v2.OperationMetadata","createTime":"2026-06-16T22:21:28.927135848Z","target":"projects/synapse-cs/locations/us-central1/functions/faceitHistory","verb":"update","cancelRequested":false,"apiVersion":"v2","requestResource":{"@type":"type.googleapis.com/google.cloud.functions.v2.Function","name":"projects/synapse-cs/locations/us-central1/functions/faceitHistory","buildConfig":{"runtime":"nodejs20","entryPoint":"faceitHistory","source":{"storageSource":{"bucket":"gcf-v2-sources-847687663798-us-central1","object":"faceitHistory/function-source.zip","generation":"1781648488877046"}},"environmentVariables":{"GOOGLE_NODE_RUN_SCRIPTS":""},"dockerRepository":"projects/synapse-cs/locations/us-central1/repositories/gcf-artifacts","sourceProvenance":{"resolvedStorageSource":{"bucket":"gcf-v2-sources-847687663798-us-central1","object":"faceitHistory/function-source.zip","generation":"1781647745152025"}},"dockerRegistry":"ARTIFACT_REGISTRY","sourceToken":"Cldwcm9qZWN0cy84NDc2ODc2NjM3OTgvbG9jYXRpb25zL3VzLWNlbnRyYWwxL2J1aWxkcy84MWNlNjc4Yi00N2EzLTRjYzktOGJkYS1hYjVmNDU4YTQ5NDASZHVzLWNlbnRyYWwxLWRvY2tlci5wa2cuZGV2L3N5bmFwc2UtY3MvZ2NmLWFydGlmYWN0cy9zeW5hcHNlLS1jc19fdXMtLWNlbnRyYWwxX19zdGVhbV9sb2dpbjp2ZXJzaW9uXzEYtoH98NUYIj5wcm9qZWN0cy9zeW5hcHNlLWNzL2xvY2F0aW9ucy91cy1jZW50cmFsMS9mdW5jdGlvbnMvc3RlYW1Mb2dpbioMCOOYx9EGEOic1LIBMghub2RlanMyMDp2CiNnY3IuaW8vZ2FlLXJ1bnRpbWVzL25vZGVqczIwOnN0YWJsZRJPdXMtY2VudHJhbDEtZG9ja2VyLnBrZy5kZXYvc2VydmVybGVzcy1ydW50aW1lcy9nb29nbGUtMjItZnVsbC9ydW50aW1lcy9ub2RlanMyMEAB","serviceAccount":"projects/synapse-cs/serviceAccounts/847687663798-compute@developer.gserviceaccount.com","automaticUpdatePolicy":{}},"serviceConfig":{"service":"projects/synapse-cs/locations/us-central1/services/faceithistory","timeoutSeconds":60,"environmentVariables":{"FIREBASE_CONFIG":"{\"projectId\":\"synapse-cs\",\"storageBucket\":\"synapse-cs.firebasestorage.app\"}","GCLOUD_PROJECT":"synapse-cs","EVENTARC_CLOUD_EVENT_SOURCE":"projects/synapse-cs/locations/us-central1/services/faceitHistory","FUNCTION_TARGET":"faceitHistory","LOG_EXECUTION_ID":"true","FUNCTION_SIGNATURE_TYPE":"http"},"ingressSettings":"ALLOW_ALL","uri":"https://faceithistory-bx52x5erya-uc.a.run.app","serviceAccountEmail":"847687663798-compute@developer.gserviceaccount.com","availableMemory":"256Mi","allTrafficOnLatestRevision":true,"revision":"faceithistory-00002-zun","maxInstanceRequestConcurrency":80,"availableCpu":"1"},"state":"ACTIVE","labels":{"deployment-tool":"cli-firebase","firebase-functions-hash":"020efb42b6166a9e2be15f2207bf4e6cbd01ca99"},"environment":"GEN_2","url":"https://us-central1-synapse-cs.cloudfunctions.net/faceitHistory","satisfiesPzi":true},"stages":[{"name":"BUILD","message":"Reusing build","state":"COMPLETE","resource":"projects/847687663798/locations/us-central1/builds/81ce678b-47a3-4cc9-8bda-ab5f458a4940","stateMessages":[{"severity":"WARNING","type":"BuildAnalysisWarning","message":"Node.js 20 is no longer supported by the Node.js community as of 30 April, 2026. Runtime nodejs20 is currently deprecated for Cloud Functions. We recommend you to upgrade to the latest version of Node.js as soon as possible."}]},{"name":"SERVICE","message":"Updating Cloud Run service","state":"IN_PROGRESS","resource":"projects/synapse-cs/locations/us-central1/services/faceithistory","resourceUri":"https://console.cloud.google.com/run/detail/us-central1/faceithistory?project=synapse-cs","stateMessages":[{"severity":"INFO","type":"CloudRunServiceNewRevisionTrafficInfo","message":"A new revision will be deployed serving with 100% traffic."}]}],"sourceToken":"Cldwcm9qZWN0cy84NDc2ODc2NjM3OTgvbG9jYXRpb25zL3VzLWNlbnRyYWwxL2J1aWxkcy84MWNlNjc4Yi00N2EzLTRjYzktOGJkYS1hYjVmNDU4YTQ5NDASZHVzLWNlbnRyYWwxLWRvY2tlci5wa2cuZGV2L3N5bmFwc2UtY3MvZ2NmLWFydGlmYWN0cy9zeW5hcHNlLS1jc19fdXMtLWNlbnRyYWwxX19zdGVhbV9sb2dpbjp2ZXJzaW9uXzEYtoH98NUYIj5wcm9qZWN0cy9zeW5hcHNlLWNzL2xvY2F0aW9ucy91cy1jZW50cmFsMS9mdW5jdGlvbnMvc3RlYW1Mb2dpbioMCOOYx9EGEOic1LIBMghub2RlanMyMDp2CiNnY3IuaW8vZ2FlLXJ1bnRpbWVzL25vZGVqczIwOnN0YWJsZRJPdXMtY2VudHJhbDEtZG9ja2VyLnBrZy5kZXYvc2VydmVybGVzcy1ydW50aW1lcy9nb29nbGUtMjItZnVsbC9ydW50aW1lcy9ub2RlanMyMEAB","operationType":"UPDATE_FUNCTION","buildName":"projects/847687663798/locations/us-central1/builds/81ce678b-47a3-4cc9-8bda-ab5f458a4940"},"done":false}
[debug] [2026-06-16T22:21:33.778Z] Got source token Cldwcm9qZWN0cy84NDc2ODc2NjM3OTgvbG9jYXRpb25zL3VzLWNlbnRyYWwxL2J1aWxkcy84MWNlNjc4Yi00N2EzLTRjYzktOGJkYS1hYjVmNDU4YTQ5NDASZHVzLWNlbnRyYWwxLWRvY2tlci5wa2cuZGV2L3N5bmFwc2UtY3MvZ2NmLWFydGlmYWN0cy9zeW5hcHNlLS1jc19fdXMtLWNlbnRyYWwxX19zdGVhbV9sb2dpbjp2ZXJzaW9uXzEYtoH98NUYIj5wcm9qZWN0cy9zeW5hcHNlLWNzL2xvY2F0aW9ucy91cy1jZW50cmFsMS9mdW5jdGlvbnMvc3RlYW1Mb2dpbioMCOOYx9EGEOic1LIBMghub2RlanMyMDp2CiNnY3IuaW8vZ2FlLXJ1bnRpbWVzL25vZGVqczIwOnN0YWJsZRJPdXMtY2VudHJhbDEtZG9ja2VyLnBrZy5kZXYvc2VydmVybGVzcy1ydW50aW1lcy9nb29nbGUtMjItZnVsbC9ydW50aW1lcy9ub2RlanMyMEAB for region us-central1
[debug] [2026-06-16T22:21:35.601Z] [update-default-us-central1-receiveMatchStats] Retrying task index 0
[debug] [2026-06-16T22:21:35.601Z] Checked if tokens are valid: true, expires at: 1781649859103
[debug] [2026-06-16T22:21:35.601Z] Checked if tokens are valid: true, expires at: 1781649859103
[debug] [2026-06-16T22:21:35.601Z] >>> [apiv2][query] GET https://cloudfunctions.googleapis.com/v2/projects/synapse-cs/locations/us-central1/operations/operation-1781648488145-654665d402209-d017d83a-696998a3 [none]
[debug] [2026-06-16T22:21:35.629Z] [update-default-us-central1-faceitStats] Retrying task index 0
[debug] [2026-06-16T22:21:35.629Z] Checked if tokens are valid: true, expires at: 1781649859103
[debug] [2026-06-16T22:21:35.629Z] Checked if tokens are valid: true, expires at: 1781649859103
[debug] [2026-06-16T22:21:35.629Z] >>> [apiv2][query] GET https://cloudfunctions.googleapis.com/v2/projects/synapse-cs/locations/us-central1/operations/operation-1781648488115-654665d3fae44-b3a39411-155c7d9c [none]
[debug] [2026-06-16T22:21:35.649Z] [update-default-us-central1-updateMixScore] Retrying task index 0
[debug] [2026-06-16T22:21:35.649Z] Checked if tokens are valid: true, expires at: 1781649859103
[debug] [2026-06-16T22:21:35.650Z] Checked if tokens are valid: true, expires at: 1781649859103
[debug] [2026-06-16T22:21:35.650Z] >>> [apiv2][query] GET https://cloudfunctions.googleapis.com/v2/projects/synapse-cs/locations/us-central1/operations/operation-1781648488144-654665d402003-02699133-fef61db2 [none]
[debug] [2026-06-16T22:21:35.738Z] [update-default-us-central1-syncLevels] Retrying task index 0
[debug] [2026-06-16T22:21:35.738Z] Checked if tokens are valid: true, expires at: 1781649859103
[debug] [2026-06-16T22:21:35.738Z] Checked if tokens are valid: true, expires at: 1781649859103
[debug] [2026-06-16T22:21:35.738Z] >>> [apiv2][query] GET https://cloudfunctions.googleapis.com/v2/projects/synapse-cs/locations/us-central1/operations/operation-1781648488228-654665d416527-eea67854-d4ab0c50 [none]
[debug] [2026-06-16T22:21:35.780Z] [update-default-us-central1-faceitHistory] Retrying task index 0
[debug] [2026-06-16T22:21:35.780Z] Checked if tokens are valid: true, expires at: 1781649859103
[debug] [2026-06-16T22:21:35.780Z] Checked if tokens are valid: true, expires at: 1781649859103
[debug] [2026-06-16T22:21:35.780Z] >>> [apiv2][query] GET https://cloudfunctions.googleapis.com/v2/projects/synapse-cs/locations/us-central1/operations/operation-1781648488202-654665d410256-95e28c0e-1a90b249 [none]
[debug] [2026-06-16T22:21:36.516Z] <<< [apiv2][status] GET https://cloudfunctions.googleapis.com/v2/projects/synapse-cs/locations/us-central1/operations/operation-1781648488145-654665d402209-d017d83a-696998a3 200
[debug] [2026-06-16T22:21:36.516Z] <<< [apiv2][body] GET https://cloudfunctions.googleapis.com/v2/projects/synapse-cs/locations/us-central1/operations/operation-1781648488145-654665d402209-d017d83a-696998a3 {"name":"projects/synapse-cs/locations/us-central1/operations/operation-1781648488145-654665d402209-d017d83a-696998a3","metadata":{"@type":"type.googleapis.com/google.cloud.functions.v2.OperationMetadata","createTime":"2026-06-16T22:21:28.901644431Z","target":"projects/synapse-cs/locations/us-central1/functions/receiveMatchStats","verb":"update","cancelRequested":false,"apiVersion":"v2","requestResource":{"@type":"type.googleapis.com/google.cloud.functions.v2.Function","name":"projects/synapse-cs/locations/us-central1/functions/receiveMatchStats","buildConfig":{"runtime":"nodejs20","entryPoint":"receiveMatchStats","source":{"storageSource":{"bucket":"gcf-v2-sources-847687663798-us-central1","object":"receiveMatchStats/function-source.zip","generation":"1781648488820639"}},"environmentVariables":{"GOOGLE_NODE_RUN_SCRIPTS":""},"dockerRepository":"projects/synapse-cs/locations/us-central1/repositories/gcf-artifacts","sourceProvenance":{"resolvedStorageSource":{"bucket":"gcf-v2-sources-847687663798-us-central1","object":"receiveMatchStats/function-source.zip","generation":"1781647745197334"}},"dockerRegistry":"ARTIFACT_REGISTRY","sourceToken":"Cldwcm9qZWN0cy84NDc2ODc2NjM3OTgvbG9jYXRpb25zL3VzLWNlbnRyYWwxL2J1aWxkcy84MWNlNjc4Yi00N2EzLTRjYzktOGJkYS1hYjVmNDU4YTQ5NDASZHVzLWNlbnRyYWwxLWRvY2tlci5wa2cuZGV2L3N5bmFwc2UtY3MvZ2NmLWFydGlmYWN0cy9zeW5hcHNlLS1jc19fdXMtLWNlbnRyYWwxX19zdGVhbV9sb2dpbjp2ZXJzaW9uXzEYtoH98NUYIj5wcm9qZWN0cy9zeW5hcHNlLWNzL2xvY2F0aW9ucy91cy1jZW50cmFsMS9mdW5jdGlvbnMvc3RlYW1Mb2dpbioMCOOYx9EGEOic1LIBMghub2RlanMyMDp2CiNnY3IuaW8vZ2FlLXJ1bnRpbWVzL25vZGVqczIwOnN0YWJsZRJPdXMtY2VudHJhbDEtZG9ja2VyLnBrZy5kZXYvc2VydmVybGVzcy1ydW50aW1lcy9nb29nbGUtMjItZnVsbC9ydW50aW1lcy9ub2RlanMyMEAB","serviceAccount":"projects/synapse-cs/serviceAccounts/847687663798-compute@developer.gserviceaccount.com","automaticUpdatePolicy":{}},"serviceConfig":{"service":"projects/synapse-cs/locations/us-central1/services/receivematchstats","timeoutSeconds":60,"environmentVariables":{"FIREBASE_CONFIG":"{\"projectId\":\"synapse-cs\",\"storageBucket\":\"synapse-cs.firebasestorage.app\"}","GCLOUD_PROJECT":"synapse-cs","EVENTARC_CLOUD_EVENT_SOURCE":"projects/synapse-cs/locations/us-central1/services/receiveMatchStats","FUNCTION_TARGET":"receiveMatchStats","LOG_EXECUTION_ID":"true","FUNCTION_SIGNATURE_TYPE":"http"},"ingressSettings":"ALLOW_ALL","uri":"https://receivematchstats-bx52x5erya-uc.a.run.app","serviceAccountEmail":"847687663798-compute@developer.gserviceaccount.com","availableMemory":"256Mi","allTrafficOnLatestRevision":true,"secretEnvironmentVariables":[{"key":"SYNAPSE_SERVER_SECRET","projectId":"synapse-cs","secret":"SYNAPSE_SERVER_SECRET","version":"1"}],"revision":"receivematchstats-00002-rub","maxInstanceRequestConcurrency":80,"availableCpu":"1"},"state":"ACTIVE","labels":{"deployment-tool":"cli-firebase","firebase-functions-hash":"4605589e9225acf233f5a4308be3571620d88fea"},"environment":"GEN_2","url":"https://us-central1-synapse-cs.cloudfunctions.net/receiveMatchStats","satisfiesPzi":true},"stages":[{"name":"BUILD","message":"Reusing build","state":"COMPLETE","resource":"projects/847687663798/locations/us-central1/builds/81ce678b-47a3-4cc9-8bda-ab5f458a4940","stateMessages":[{"severity":"WARNING","type":"BuildAnalysisWarning","message":"Node.js 20 is no longer supported by the Node.js community as of 30 April, 2026. Runtime nodejs20 is currently deprecated for Cloud Functions. We recommend you to upgrade to the latest version of Node.js as soon as possible."}]},{"name":"SERVICE","message":"Updating Cloud Run service","state":"IN_PROGRESS","resource":"projects/synapse-cs/locations/us-central1/services/receivematchstats","resourceUri":"https://console.cloud.google.com/run/detail/us-central1/receivematchstats?project=synapse-cs","stateMessages":[{"severity":"INFO","type":"CloudRunServiceNewRevisionTrafficInfo","message":"A new revision will be deployed serving with 100% traffic."}]}],"sourceToken":"Cldwcm9qZWN0cy84NDc2ODc2NjM3OTgvbG9jYXRpb25zL3VzLWNlbnRyYWwxL2J1aWxkcy84MWNlNjc4Yi00N2EzLTRjYzktOGJkYS1hYjVmNDU4YTQ5NDASZHVzLWNlbnRyYWwxLWRvY2tlci5wa2cuZGV2L3N5bmFwc2UtY3MvZ2NmLWFydGlmYWN0cy9zeW5hcHNlLS1jc19fdXMtLWNlbnRyYWwxX19zdGVhbV9sb2dpbjp2ZXJzaW9uXzEYtoH98NUYIj5wcm9qZWN0cy9zeW5hcHNlLWNzL2xvY2F0aW9ucy91cy1jZW50cmFsMS9mdW5jdGlvbnMvc3RlYW1Mb2dpbioMCOOYx9EGEOic1LIBMghub2RlanMyMDp2CiNnY3IuaW8vZ2FlLXJ1bnRpbWVzL25vZGVqczIwOnN0YWJsZRJPdXMtY2VudHJhbDEtZG9ja2VyLnBrZy5kZXYvc2VydmVybGVzcy1ydW50aW1lcy9nb29nbGUtMjItZnVsbC9ydW50aW1lcy9ub2RlanMyMEAB","operationType":"UPDATE_FUNCTION","buildName":"projects/847687663798/locations/us-central1/builds/81ce678b-47a3-4cc9-8bda-ab5f458a4940"},"done":false}
[debug] [2026-06-16T22:21:36.516Z] Got source token Cldwcm9qZWN0cy84NDc2ODc2NjM3OTgvbG9jYXRpb25zL3VzLWNlbnRyYWwxL2J1aWxkcy84MWNlNjc4Yi00N2EzLTRjYzktOGJkYS1hYjVmNDU4YTQ5NDASZHVzLWNlbnRyYWwxLWRvY2tlci5wa2cuZGV2L3N5bmFwc2UtY3MvZ2NmLWFydGlmYWN0cy9zeW5hcHNlLS1jc19fdXMtLWNlbnRyYWwxX19zdGVhbV9sb2dpbjp2ZXJzaW9uXzEYtoH98NUYIj5wcm9qZWN0cy9zeW5hcHNlLWNzL2xvY2F0aW9ucy91cy1jZW50cmFsMS9mdW5jdGlvbnMvc3RlYW1Mb2dpbioMCOOYx9EGEOic1LIBMghub2RlanMyMDp2CiNnY3IuaW8vZ2FlLXJ1bnRpbWVzL25vZGVqczIwOnN0YWJsZRJPdXMtY2VudHJhbDEtZG9ja2VyLnBrZy5kZXYvc2VydmVybGVzcy1ydW50aW1lcy9nb29nbGUtMjItZnVsbC9ydW50aW1lcy9ub2RlanMyMEAB for region us-central1
[debug] [2026-06-16T22:21:36.560Z] <<< [apiv2][status] GET https://cloudfunctions.googleapis.com/v2/projects/synapse-cs/locations/us-central1/operations/operation-1781648488115-654665d3fae44-b3a39411-155c7d9c 200
[debug] [2026-06-16T22:21:36.560Z] <<< [apiv2][body] GET https://cloudfunctions.googleapis.com/v2/projects/synapse-cs/locations/us-central1/operations/operation-1781648488115-654665d3fae44-b3a39411-155c7d9c {"name":"projects/synapse-cs/locations/us-central1/operations/operation-1781648488115-654665d3fae44-b3a39411-155c7d9c","metadata":{"@type":"type.googleapis.com/google.cloud.functions.v2.OperationMetadata","createTime":"2026-06-16T22:21:28.909305208Z","endTime":"2026-06-16T22:21:35.460686084Z","target":"projects/synapse-cs/locations/us-central1/functions/faceitStats","verb":"update","cancelRequested":false,"apiVersion":"v2","requestResource":{"@type":"type.googleapis.com/google.cloud.functions.v2.Function","name":"projects/synapse-cs/locations/us-central1/functions/faceitStats","buildConfig":{"runtime":"nodejs20","entryPoint":"faceitStats","source":{"storageSource":{"bucket":"gcf-v2-sources-847687663798-us-central1","object":"faceitStats/function-source.zip","generation":"1781648488859177"}},"environmentVariables":{"GOOGLE_NODE_RUN_SCRIPTS":""},"dockerRepository":"projects/synapse-cs/locations/us-central1/repositories/gcf-artifacts","sourceProvenance":{"resolvedStorageSource":{"bucket":"gcf-v2-sources-847687663798-us-central1","object":"faceitStats/function-source.zip","generation":"1781647745092040"}},"dockerRegistry":"ARTIFACT_REGISTRY","sourceToken":"Cldwcm9qZWN0cy84NDc2ODc2NjM3OTgvbG9jYXRpb25zL3VzLWNlbnRyYWwxL2J1aWxkcy84MWNlNjc4Yi00N2EzLTRjYzktOGJkYS1hYjVmNDU4YTQ5NDASZHVzLWNlbnRyYWwxLWRvY2tlci5wa2cuZGV2L3N5bmFwc2UtY3MvZ2NmLWFydGlmYWN0cy9zeW5hcHNlLS1jc19fdXMtLWNlbnRyYWwxX19zdGVhbV9sb2dpbjp2ZXJzaW9uXzEYtoH98NUYIj5wcm9qZWN0cy9zeW5hcHNlLWNzL2xvY2F0aW9ucy91cy1jZW50cmFsMS9mdW5jdGlvbnMvc3RlYW1Mb2dpbioMCOOYx9EGEOic1LIBMghub2RlanMyMDp2CiNnY3IuaW8vZ2FlLXJ1bnRpbWVzL25vZGVqczIwOnN0YWJsZRJPdXMtY2VudHJhbDEtZG9ja2VyLnBrZy5kZXYvc2VydmVybGVzcy1ydW50aW1lcy9nb29nbGUtMjItZnVsbC9ydW50aW1lcy9ub2RlanMyMEAB","serviceAccount":"projects/synapse-cs/serviceAccounts/847687663798-compute@developer.gserviceaccount.com","automaticUpdatePolicy":{}},"serviceConfig":{"service":"projects/synapse-cs/locations/us-central1/services/faceitstats","timeoutSeconds":60,"environmentVariables":{"FIREBASE_CONFIG":"{\"projectId\":\"synapse-cs\",\"storageBucket\":\"synapse-cs.firebasestorage.app\"}","GCLOUD_PROJECT":"synapse-cs","EVENTARC_CLOUD_EVENT_SOURCE":"projects/synapse-cs/locations/us-central1/services/faceitStats","FUNCTION_TARGET":"faceitStats","LOG_EXECUTION_ID":"true","FUNCTION_SIGNATURE_TYPE":"http"},"ingressSettings":"ALLOW_ALL","uri":"https://faceitstats-bx52x5erya-uc.a.run.app","serviceAccountEmail":"847687663798-compute@developer.gserviceaccount.com","availableMemory":"256Mi","allTrafficOnLatestRevision":true,"revision":"faceitstats-00002-wup","maxInstanceRequestConcurrency":80,"availableCpu":"1"},"state":"ACTIVE","labels":{"deployment-tool":"cli-firebase","firebase-functions-hash":"020efb42b6166a9e2be15f2207bf4e6cbd01ca99"},"environment":"GEN_2","url":"https://us-central1-synapse-cs.cloudfunctions.net/faceitStats","satisfiesPzi":true},"stages":[{"name":"BUILD","message":"Reusing build","state":"COMPLETE","resource":"projects/847687663798/locations/us-central1/builds/81ce678b-47a3-4cc9-8bda-ab5f458a4940","stateMessages":[{"severity":"WARNING","type":"BuildAnalysisWarning","message":"Node.js 20 is no longer supported by the Node.js community as of 30 April, 2026. Runtime nodejs20 is currently deprecated for Cloud Functions. We recommend you to upgrade to the latest version of Node.js as soon as possible."}]},{"name":"SERVICE","message":"Updating Cloud Run service","state":"COMPLETE","resource":"projects/synapse-cs/locations/us-central1/services/faceitstats","resourceUri":"https://console.cloud.google.com/run/detail/us-central1/faceitstats?project=synapse-cs","stateMessages":[{"severity":"INFO","type":"CloudRunServiceNewRevisionTrafficInfo","message":"A new revision will be deployed serving with 100% traffic."}]}],"sourceToken":"Cldwcm9qZWN0cy84NDc2ODc2NjM3OTgvbG9jYXRpb25zL3VzLWNlbnRyYWwxL2J1aWxkcy84MWNlNjc4Yi00N2EzLTRjYzktOGJkYS1hYjVmNDU4YTQ5NDASZHVzLWNlbnRyYWwxLWRvY2tlci5wa2cuZGV2L3N5bmFwc2UtY3MvZ2NmLWFydGlmYWN0cy9zeW5hcHNlLS1jc19fdXMtLWNlbnRyYWwxX19zdGVhbV9sb2dpbjp2ZXJzaW9uXzEYtoH98NUYIj5wcm9qZWN0cy9zeW5hcHNlLWNzL2xvY2F0aW9ucy91cy1jZW50cmFsMS9mdW5jdGlvbnMvc3RlYW1Mb2dpbioMCOOYx9EGEOic1LIBMghub2RlanMyMDp2CiNnY3IuaW8vZ2FlLXJ1bnRpbWVzL25vZGVqczIwOnN0YWJsZRJPdXMtY2VudHJhbDEtZG9ja2VyLnBrZy5kZXYvc2VydmVybGVzcy1ydW50aW1lcy9nb29nbGUtMjItZnVsbC9ydW50aW1lcy9ub2RlanMyMEAB","operationType":"UPDATE_FUNCTION","buildName":"projects/847687663798/locations/us-central1/builds/81ce678b-47a3-4cc9-8bda-ab5f458a4940"},"done":true,"response":{"@type":"type.googleapis.com/google.cloud.functions.v2.Function","name":"projects/synapse-cs/locations/us-central1/functions/faceitStats","buildConfig":{"build":"projects/847687663798/locations/us-central1/builds/81ce678b-47a3-4cc9-8bda-ab5f458a4940","runtime":"nodejs20","entryPoint":"faceitStats","source":{"storageSource":{"bucket":"gcf-v2-sources-847687663798-us-central1","object":"faceitStats/function-source.zip","generation":"1781648488859177"}},"environmentVariables":{"GOOGLE_NODE_RUN_SCRIPTS":""},"dockerRepository":"projects/synapse-cs/locations/us-central1/repositories/gcf-artifacts","sourceProvenance":{"resolvedStorageSource":{"bucket":"gcf-v2-sources-847687663798-us-central1","object":"faceitStats/function-source.zip","generation":"1781648488859177"}},"dockerRegistry":"ARTIFACT_REGISTRY","serviceAccount":"projects/synapse-cs/serviceAccounts/847687663798-compute@developer.gserviceaccount.com","automaticUpdatePolicy":{}},"serviceConfig":{"service":"projects/synapse-cs/locations/us-central1/services/faceitstats","timeoutSeconds":60,"environmentVariables":{"FIREBASE_CONFIG":"{\"projectId\":\"synapse-cs\",\"storageBucket\":\"synapse-cs.firebasestorage.app\"}","GCLOUD_PROJECT":"synapse-cs","EVENTARC_CLOUD_EVENT_SOURCE":"projects/synapse-cs/locations/us-central1/services/faceitStats","FUNCTION_TARGET":"faceitStats","LOG_EXECUTION_ID":"true","FUNCTION_SIGNATURE_TYPE":"http"},"maxInstanceCount":20,"ingressSettings":"ALLOW_ALL","uri":"https://faceitstats-bx52x5erya-uc.a.run.app","serviceAccountEmail":"847687663798-compute@developer.gserviceaccount.com","availableMemory":"256Mi","allTrafficOnLatestRevision":true,"revision":"faceitstats-00003-daf","maxInstanceRequestConcurrency":80,"availableCpu":"1"},"state":"ACTIVE","updateTime":"2026-06-16T22:21:28.911883498Z","labels":{"deployment-tool":"cli-firebase","firebase-functions-hash":"020efb42b6166a9e2be15f2207bf4e6cbd01ca99"},"environment":"GEN_2","url":"https://us-central1-synapse-cs.cloudfunctions.net/faceitStats","createTime":"2026-06-16T22:04:06.645434606Z","satisfiesPzi":true}}
[debug] [2026-06-16T22:21:36.560Z] Got source token Cldwcm9qZWN0cy84NDc2ODc2NjM3OTgvbG9jYXRpb25zL3VzLWNlbnRyYWwxL2J1aWxkcy84MWNlNjc4Yi00N2EzLTRjYzktOGJkYS1hYjVmNDU4YTQ5NDASZHVzLWNlbnRyYWwxLWRvY2tlci5wa2cuZGV2L3N5bmFwc2UtY3MvZ2NmLWFydGlmYWN0cy9zeW5hcHNlLS1jc19fdXMtLWNlbnRyYWwxX19zdGVhbV9sb2dpbjp2ZXJzaW9uXzEYtoH98NUYIj5wcm9qZWN0cy9zeW5hcHNlLWNzL2xvY2F0aW9ucy91cy1jZW50cmFsMS9mdW5jdGlvbnMvc3RlYW1Mb2dpbioMCOOYx9EGEOic1LIBMghub2RlanMyMDp2CiNnY3IuaW8vZ2FlLXJ1bnRpbWVzL25vZGVqczIwOnN0YWJsZRJPdXMtY2VudHJhbDEtZG9ja2VyLnBrZy5kZXYvc2VydmVybGVzcy1ydW50aW1lcy9nb29nbGUtMjItZnVsbC9ydW50aW1lcy9ub2RlanMyMEAB for region us-central1
[info] +  functions[faceitStats(us-central1)] Successful update operation. 
[debug] [2026-06-16T22:21:36.632Z] <<< [apiv2][status] GET https://cloudfunctions.googleapis.com/v2/projects/synapse-cs/locations/us-central1/operations/operation-1781648488144-654665d402003-02699133-fef61db2 200
[debug] [2026-06-16T22:21:36.632Z] <<< [apiv2][body] GET https://cloudfunctions.googleapis.com/v2/projects/synapse-cs/locations/us-central1/operations/operation-1781648488144-654665d402003-02699133-fef61db2 {"name":"projects/synapse-cs/locations/us-central1/operations/operation-1781648488144-654665d402003-02699133-fef61db2","metadata":{"@type":"type.googleapis.com/google.cloud.functions.v2.OperationMetadata","createTime":"2026-06-16T22:21:28.920137590Z","target":"projects/synapse-cs/locations/us-central1/functions/updateMixScore","verb":"update","cancelRequested":false,"apiVersion":"v2","requestResource":{"@type":"type.googleapis.com/google.cloud.functions.v2.Function","name":"projects/synapse-cs/locations/us-central1/functions/updateMixScore","buildConfig":{"runtime":"nodejs20","entryPoint":"updateMixScore","source":{"storageSource":{"bucket":"gcf-v2-sources-847687663798-us-central1","object":"updateMixScore/function-source.zip","generation":"1781648488871596"}},"environmentVariables":{"GOOGLE_NODE_RUN_SCRIPTS":""},"dockerRepository":"projects/synapse-cs/locations/us-central1/repositories/gcf-artifacts","sourceProvenance":{"resolvedStorageSource":{"bucket":"gcf-v2-sources-847687663798-us-central1","object":"updateMixScore/function-source.zip","generation":"1781647745156852"}},"dockerRegistry":"ARTIFACT_REGISTRY","sourceToken":"Cldwcm9qZWN0cy84NDc2ODc2NjM3OTgvbG9jYXRpb25zL3VzLWNlbnRyYWwxL2J1aWxkcy84MWNlNjc4Yi00N2EzLTRjYzktOGJkYS1hYjVmNDU4YTQ5NDASZHVzLWNlbnRyYWwxLWRvY2tlci5wa2cuZGV2L3N5bmFwc2UtY3MvZ2NmLWFydGlmYWN0cy9zeW5hcHNlLS1jc19fdXMtLWNlbnRyYWwxX19zdGVhbV9sb2dpbjp2ZXJzaW9uXzEYtoH98NUYIj5wcm9qZWN0cy9zeW5hcHNlLWNzL2xvY2F0aW9ucy91cy1jZW50cmFsMS9mdW5jdGlvbnMvc3RlYW1Mb2dpbioMCOOYx9EGEOic1LIBMghub2RlanMyMDp2CiNnY3IuaW8vZ2FlLXJ1bnRpbWVzL25vZGVqczIwOnN0YWJsZRJPdXMtY2VudHJhbDEtZG9ja2VyLnBrZy5kZXYvc2VydmVybGVzcy1ydW50aW1lcy9nb29nbGUtMjItZnVsbC9ydW50aW1lcy9ub2RlanMyMEAB","serviceAccount":"projects/synapse-cs/serviceAccounts/847687663798-compute@developer.gserviceaccount.com","automaticUpdatePolicy":{}},"serviceConfig":{"service":"projects/synapse-cs/locations/us-central1/services/updatemixscore","timeoutSeconds":60,"environmentVariables":{"FIREBASE_CONFIG":"{\"projectId\":\"synapse-cs\",\"storageBucket\":\"synapse-cs.firebasestorage.app\"}","GCLOUD_PROJECT":"synapse-cs","EVENTARC_CLOUD_EVENT_SOURCE":"projects/synapse-cs/locations/us-central1/services/updateMixScore","FUNCTION_TARGET":"updateMixScore","LOG_EXECUTION_ID":"true","FUNCTION_SIGNATURE_TYPE":"http"},"ingressSettings":"ALLOW_ALL","uri":"https://updatemixscore-bx52x5erya-uc.a.run.app","serviceAccountEmail":"847687663798-compute@developer.gserviceaccount.com","availableMemory":"256Mi","allTrafficOnLatestRevision":true,"revision":"updatemixscore-00002-nax","maxInstanceRequestConcurrency":80,"availableCpu":"1"},"state":"ACTIVE","labels":{"deployment-tool":"cli-firebase","firebase-functions-hash":"020efb42b6166a9e2be15f2207bf4e6cbd01ca99"},"environment":"GEN_2","url":"https://us-central1-synapse-cs.cloudfunctions.net/updateMixScore","satisfiesPzi":true},"stages":[{"name":"BUILD","message":"Reusing build","state":"COMPLETE","resource":"projects/847687663798/locations/us-central1/builds/81ce678b-47a3-4cc9-8bda-ab5f458a4940","stateMessages":[{"severity":"WARNING","type":"BuildAnalysisWarning","message":"Node.js 20 is no longer supported by the Node.js community as of 30 April, 2026. Runtime nodejs20 is currently deprecated for Cloud Functions. We recommend you to upgrade to the latest version of Node.js as soon as possible."}]},{"name":"SERVICE","message":"Updating Cloud Run service","state":"IN_PROGRESS","resource":"projects/synapse-cs/locations/us-central1/services/updatemixscore","resourceUri":"https://console.cloud.google.com/run/detail/us-central1/updatemixscore?project=synapse-cs","stateMessages":[{"severity":"INFO","type":"CloudRunServiceNewRevisionTrafficInfo","message":"A new revision will be deployed serving with 100% traffic."}]}],"sourceToken":"Cldwcm9qZWN0cy84NDc2ODc2NjM3OTgvbG9jYXRpb25zL3VzLWNlbnRyYWwxL2J1aWxkcy84MWNlNjc4Yi00N2EzLTRjYzktOGJkYS1hYjVmNDU4YTQ5NDASZHVzLWNlbnRyYWwxLWRvY2tlci5wa2cuZGV2L3N5bmFwc2UtY3MvZ2NmLWFydGlmYWN0cy9zeW5hcHNlLS1jc19fdXMtLWNlbnRyYWwxX19zdGVhbV9sb2dpbjp2ZXJzaW9uXzEYtoH98NUYIj5wcm9qZWN0cy9zeW5hcHNlLWNzL2xvY2F0aW9ucy91cy1jZW50cmFsMS9mdW5jdGlvbnMvc3RlYW1Mb2dpbioMCOOYx9EGEOic1LIBMghub2RlanMyMDp2CiNnY3IuaW8vZ2FlLXJ1bnRpbWVzL25vZGVqczIwOnN0YWJsZRJPdXMtY2VudHJhbDEtZG9ja2VyLnBrZy5kZXYvc2VydmVybGVzcy1ydW50aW1lcy9nb29nbGUtMjItZnVsbC9ydW50aW1lcy9ub2RlanMyMEAB","operationType":"UPDATE_FUNCTION","buildName":"projects/847687663798/locations/us-central1/builds/81ce678b-47a3-4cc9-8bda-ab5f458a4940"},"done":false}
[debug] [2026-06-16T22:21:36.632Z] Got source token Cldwcm9qZWN0cy84NDc2ODc2NjM3OTgvbG9jYXRpb25zL3VzLWNlbnRyYWwxL2J1aWxkcy84MWNlNjc4Yi00N2EzLTRjYzktOGJkYS1hYjVmNDU4YTQ5NDASZHVzLWNlbnRyYWwxLWRvY2tlci5wa2cuZGV2L3N5bmFwc2UtY3MvZ2NmLWFydGlmYWN0cy9zeW5hcHNlLS1jc19fdXMtLWNlbnRyYWwxX19zdGVhbV9sb2dpbjp2ZXJzaW9uXzEYtoH98NUYIj5wcm9qZWN0cy9zeW5hcHNlLWNzL2xvY2F0aW9ucy91cy1jZW50cmFsMS9mdW5jdGlvbnMvc3RlYW1Mb2dpbioMCOOYx9EGEOic1LIBMghub2RlanMyMDp2CiNnY3IuaW8vZ2FlLXJ1bnRpbWVzL25vZGVqczIwOnN0YWJsZRJPdXMtY2VudHJhbDEtZG9ja2VyLnBrZy5kZXYvc2VydmVybGVzcy1ydW50aW1lcy9nb29nbGUtMjItZnVsbC9ydW50aW1lcy9ub2RlanMyMEAB for region us-central1
[debug] [2026-06-16T22:21:36.659Z] <<< [apiv2][status] GET https://cloudfunctions.googleapis.com/v2/projects/synapse-cs/locations/us-central1/operations/operation-1781648488228-654665d416527-eea67854-d4ab0c50 200
[debug] [2026-06-16T22:21:36.659Z] <<< [apiv2][body] GET https://cloudfunctions.googleapis.com/v2/projects/synapse-cs/locations/us-central1/operations/operation-1781648488228-654665d416527-eea67854-d4ab0c50 {"name":"projects/synapse-cs/locations/us-central1/operations/operation-1781648488228-654665d416527-eea67854-d4ab0c50","metadata":{"@type":"type.googleapis.com/google.cloud.functions.v2.OperationMetadata","createTime":"2026-06-16T22:21:28.990495738Z","endTime":"2026-06-16T22:21:35.822703821Z","target":"projects/synapse-cs/locations/us-central1/functions/syncLevels","verb":"update","cancelRequested":false,"apiVersion":"v2","requestResource":{"@type":"type.googleapis.com/google.cloud.functions.v2.Function","name":"projects/synapse-cs/locations/us-central1/functions/syncLevels","buildConfig":{"runtime":"nodejs20","entryPoint":"syncLevels","source":{"storageSource":{"bucket":"gcf-v2-sources-847687663798-us-central1","object":"syncLevels/function-source.zip","generation":"1781648488942708"}},"environmentVariables":{"GOOGLE_NODE_RUN_SCRIPTS":""},"dockerRepository":"projects/synapse-cs/locations/us-central1/repositories/gcf-artifacts","sourceProvenance":{"resolvedStorageSource":{"bucket":"gcf-v2-sources-847687663798-us-central1","object":"syncLevels/function-source.zip","generation":"1781647745287583"}},"dockerRegistry":"ARTIFACT_REGISTRY","sourceToken":"Cldwcm9qZWN0cy84NDc2ODc2NjM3OTgvbG9jYXRpb25zL3VzLWNlbnRyYWwxL2J1aWxkcy84MWNlNjc4Yi00N2EzLTRjYzktOGJkYS1hYjVmNDU4YTQ5NDASZHVzLWNlbnRyYWwxLWRvY2tlci5wa2cuZGV2L3N5bmFwc2UtY3MvZ2NmLWFydGlmYWN0cy9zeW5hcHNlLS1jc19fdXMtLWNlbnRyYWwxX19zdGVhbV9sb2dpbjp2ZXJzaW9uXzEYtoH98NUYIj5wcm9qZWN0cy9zeW5hcHNlLWNzL2xvY2F0aW9ucy91cy1jZW50cmFsMS9mdW5jdGlvbnMvc3RlYW1Mb2dpbioMCOOYx9EGEOic1LIBMghub2RlanMyMDp2CiNnY3IuaW8vZ2FlLXJ1bnRpbWVzL25vZGVqczIwOnN0YWJsZRJPdXMtY2VudHJhbDEtZG9ja2VyLnBrZy5kZXYvc2VydmVybGVzcy1ydW50aW1lcy9nb29nbGUtMjItZnVsbC9ydW50aW1lcy9ub2RlanMyMEAB","serviceAccount":"projects/synapse-cs/serviceAccounts/847687663798-compute@developer.gserviceaccount.com","automaticUpdatePolicy":{}},"serviceConfig":{"service":"projects/synapse-cs/locations/us-central1/services/synclevels","timeoutSeconds":60,"environmentVariables":{"FIREBASE_CONFIG":"{\"projectId\":\"synapse-cs\",\"storageBucket\":\"synapse-cs.firebasestorage.app\"}","GCLOUD_PROJECT":"synapse-cs","EVENTARC_CLOUD_EVENT_SOURCE":"projects/synapse-cs/locations/us-central1/services/syncLevels","FUNCTION_TARGET":"syncLevels","LOG_EXECUTION_ID":"true","FUNCTION_SIGNATURE_TYPE":"http"},"ingressSettings":"ALLOW_ALL","uri":"https://synclevels-bx52x5erya-uc.a.run.app","serviceAccountEmail":"847687663798-compute@developer.gserviceaccount.com","availableMemory":"256Mi","allTrafficOnLatestRevision":true,"revision":"synclevels-00002-put","maxInstanceRequestConcurrency":80,"availableCpu":"1"},"state":"ACTIVE","labels":{"deployment-tool":"cli-firebase","firebase-functions-hash":"020efb42b6166a9e2be15f2207bf4e6cbd01ca99"},"environment":"GEN_2","url":"https://us-central1-synapse-cs.cloudfunctions.net/syncLevels","satisfiesPzi":true},"stages":[{"name":"BUILD","message":"Reusing build","state":"COMPLETE","resource":"projects/847687663798/locations/us-central1/builds/81ce678b-47a3-4cc9-8bda-ab5f458a4940","stateMessages":[{"severity":"WARNING","type":"BuildAnalysisWarning","message":"Node.js 20 is no longer supported by the Node.js community as of 30 April, 2026. Runtime nodejs20 is currently deprecated for Cloud Functions. We recommend you to upgrade to the latest version of Node.js as soon as possible."}]},{"name":"SERVICE","message":"Updating Cloud Run service","state":"COMPLETE","resource":"projects/synapse-cs/locations/us-central1/services/synclevels","resourceUri":"https://console.cloud.google.com/run/detail/us-central1/synclevels?project=synapse-cs","stateMessages":[{"severity":"INFO","type":"CloudRunServiceNewRevisionTrafficInfo","message":"A new revision will be deployed serving with 100% traffic."}]}],"sourceToken":"Cldwcm9qZWN0cy84NDc2ODc2NjM3OTgvbG9jYXRpb25zL3VzLWNlbnRyYWwxL2J1aWxkcy84MWNlNjc4Yi00N2EzLTRjYzktOGJkYS1hYjVmNDU4YTQ5NDASZHVzLWNlbnRyYWwxLWRvY2tlci5wa2cuZGV2L3N5bmFwc2UtY3MvZ2NmLWFydGlmYWN0cy9zeW5hcHNlLS1jc19fdXMtLWNlbnRyYWwxX19zdGVhbV9sb2dpbjp2ZXJzaW9uXzEYtoH98NUYIj5wcm9qZWN0cy9zeW5hcHNlLWNzL2xvY2F0aW9ucy91cy1jZW50cmFsMS9mdW5jdGlvbnMvc3RlYW1Mb2dpbioMCOOYx9EGEOic1LIBMghub2RlanMyMDp2CiNnY3IuaW8vZ2FlLXJ1bnRpbWVzL25vZGVqczIwOnN0YWJsZRJPdXMtY2VudHJhbDEtZG9ja2VyLnBrZy5kZXYvc2VydmVybGVzcy1ydW50aW1lcy9nb29nbGUtMjItZnVsbC9ydW50aW1lcy9ub2RlanMyMEAB","operationType":"UPDATE_FUNCTION","buildName":"projects/847687663798/locations/us-central1/builds/81ce678b-47a3-4cc9-8bda-ab5f458a4940"},"done":true,"response":{"@type":"type.googleapis.com/google.cloud.functions.v2.Function","name":"projects/synapse-cs/locations/us-central1/functions/syncLevels","buildConfig":{"build":"projects/847687663798/locations/us-central1/builds/81ce678b-47a3-4cc9-8bda-ab5f458a4940","runtime":"nodejs20","entryPoint":"syncLevels","source":{"storageSource":{"bucket":"gcf-v2-sources-847687663798-us-central1","object":"syncLevels/function-source.zip","generation":"1781648488942708"}},"environmentVariables":{"GOOGLE_NODE_RUN_SCRIPTS":""},"dockerRepository":"projects/synapse-cs/locations/us-central1/repositories/gcf-artifacts","sourceProvenance":{"resolvedStorageSource":{"bucket":"gcf-v2-sources-847687663798-us-central1","object":"syncLevels/function-source.zip","generation":"1781648488942708"}},"dockerRegistry":"ARTIFACT_REGISTRY","serviceAccount":"projects/synapse-cs/serviceAccounts/847687663798-compute@developer.gserviceaccount.com","automaticUpdatePolicy":{}},"serviceConfig":{"service":"projects/synapse-cs/locations/us-central1/services/synclevels","timeoutSeconds":60,"environmentVariables":{"FIREBASE_CONFIG":"{\"projectId\":\"synapse-cs\",\"storageBucket\":\"synapse-cs.firebasestorage.app\"}","GCLOUD_PROJECT":"synapse-cs","EVENTARC_CLOUD_EVENT_SOURCE":"projects/synapse-cs/locations/us-central1/services/syncLevels","FUNCTION_TARGET":"syncLevels","LOG_EXECUTION_ID":"true","FUNCTION_SIGNATURE_TYPE":"http"},"maxInstanceCount":20,"ingressSettings":"ALLOW_ALL","uri":"https://synclevels-bx52x5erya-uc.a.run.app","serviceAccountEmail":"847687663798-compute@developer.gserviceaccount.com","availableMemory":"256Mi","allTrafficOnLatestRevision":true,"revision":"synclevels-00003-nog","maxInstanceRequestConcurrency":80,"availableCpu":"1"},"state":"ACTIVE","updateTime":"2026-06-16T22:21:28.993220695Z","labels":{"firebase-functions-hash":"020efb42b6166a9e2be15f2207bf4e6cbd01ca99","deployment-tool":"cli-firebase"},"environment":"GEN_2","url":"https://us-central1-synapse-cs.cloudfunctions.net/syncLevels","createTime":"2026-06-16T22:04:06.640852055Z","satisfiesPzi":true}}
[debug] [2026-06-16T22:21:36.659Z] Got source token Cldwcm9qZWN0cy84NDc2ODc2NjM3OTgvbG9jYXRpb25zL3VzLWNlbnRyYWwxL2J1aWxkcy84MWNlNjc4Yi00N2EzLTRjYzktOGJkYS1hYjVmNDU4YTQ5NDASZHVzLWNlbnRyYWwxLWRvY2tlci5wa2cuZGV2L3N5bmFwc2UtY3MvZ2NmLWFydGlmYWN0cy9zeW5hcHNlLS1jc19fdXMtLWNlbnRyYWwxX19zdGVhbV9sb2dpbjp2ZXJzaW9uXzEYtoH98NUYIj5wcm9qZWN0cy9zeW5hcHNlLWNzL2xvY2F0aW9ucy91cy1jZW50cmFsMS9mdW5jdGlvbnMvc3RlYW1Mb2dpbioMCOOYx9EGEOic1LIBMghub2RlanMyMDp2CiNnY3IuaW8vZ2FlLXJ1bnRpbWVzL25vZGVqczIwOnN0YWJsZRJPdXMtY2VudHJhbDEtZG9ja2VyLnBrZy5kZXYvc2VydmVybGVzcy1ydW50aW1lcy9nb29nbGUtMjItZnVsbC9ydW50aW1lcy9ub2RlanMyMEAB for region us-central1
[info] +  functions[syncLevels(us-central1)] Successful update operation. 
[debug] [2026-06-16T22:21:36.822Z] <<< [apiv2][status] GET https://cloudfunctions.googleapis.com/v2/projects/synapse-cs/locations/us-central1/operations/operation-1781648488202-654665d410256-95e28c0e-1a90b249 200
[debug] [2026-06-16T22:21:36.822Z] <<< [apiv2][body] GET https://cloudfunctions.googleapis.com/v2/projects/synapse-cs/locations/us-central1/operations/operation-1781648488202-654665d410256-95e28c0e-1a90b249 {"name":"projects/synapse-cs/locations/us-central1/operations/operation-1781648488202-654665d410256-95e28c0e-1a90b249","metadata":{"@type":"type.googleapis.com/google.cloud.functions.v2.OperationMetadata","createTime":"2026-06-16T22:21:28.927135848Z","target":"projects/synapse-cs/locations/us-central1/functions/faceitHistory","verb":"update","cancelRequested":false,"apiVersion":"v2","requestResource":{"@type":"type.googleapis.com/google.cloud.functions.v2.Function","name":"projects/synapse-cs/locations/us-central1/functions/faceitHistory","buildConfig":{"runtime":"nodejs20","entryPoint":"faceitHistory","source":{"storageSource":{"bucket":"gcf-v2-sources-847687663798-us-central1","object":"faceitHistory/function-source.zip","generation":"1781648488877046"}},"environmentVariables":{"GOOGLE_NODE_RUN_SCRIPTS":""},"dockerRepository":"projects/synapse-cs/locations/us-central1/repositories/gcf-artifacts","sourceProvenance":{"resolvedStorageSource":{"bucket":"gcf-v2-sources-847687663798-us-central1","object":"faceitHistory/function-source.zip","generation":"1781647745152025"}},"dockerRegistry":"ARTIFACT_REGISTRY","sourceToken":"Cldwcm9qZWN0cy84NDc2ODc2NjM3OTgvbG9jYXRpb25zL3VzLWNlbnRyYWwxL2J1aWxkcy84MWNlNjc4Yi00N2EzLTRjYzktOGJkYS1hYjVmNDU4YTQ5NDASZHVzLWNlbnRyYWwxLWRvY2tlci5wa2cuZGV2L3N5bmFwc2UtY3MvZ2NmLWFydGlmYWN0cy9zeW5hcHNlLS1jc19fdXMtLWNlbnRyYWwxX19zdGVhbV9sb2dpbjp2ZXJzaW9uXzEYtoH98NUYIj5wcm9qZWN0cy9zeW5hcHNlLWNzL2xvY2F0aW9ucy91cy1jZW50cmFsMS9mdW5jdGlvbnMvc3RlYW1Mb2dpbioMCOOYx9EGEOic1LIBMghub2RlanMyMDp2CiNnY3IuaW8vZ2FlLXJ1bnRpbWVzL25vZGVqczIwOnN0YWJsZRJPdXMtY2VudHJhbDEtZG9ja2VyLnBrZy5kZXYvc2VydmVybGVzcy1ydW50aW1lcy9nb29nbGUtMjItZnVsbC9ydW50aW1lcy9ub2RlanMyMEAB","serviceAccount":"projects/synapse-cs/serviceAccounts/847687663798-compute@developer.gserviceaccount.com","automaticUpdatePolicy":{}},"serviceConfig":{"service":"projects/synapse-cs/locations/us-central1/services/faceithistory","timeoutSeconds":60,"environmentVariables":{"FIREBASE_CONFIG":"{\"projectId\":\"synapse-cs\",\"storageBucket\":\"synapse-cs.firebasestorage.app\"}","GCLOUD_PROJECT":"synapse-cs","EVENTARC_CLOUD_EVENT_SOURCE":"projects/synapse-cs/locations/us-central1/services/faceitHistory","FUNCTION_TARGET":"faceitHistory","LOG_EXECUTION_ID":"true","FUNCTION_SIGNATURE_TYPE":"http"},"ingressSettings":"ALLOW_ALL","uri":"https://faceithistory-bx52x5erya-uc.a.run.app","serviceAccountEmail":"847687663798-compute@developer.gserviceaccount.com","availableMemory":"256Mi","allTrafficOnLatestRevision":true,"revision":"faceithistory-00002-zun","maxInstanceRequestConcurrency":80,"availableCpu":"1"},"state":"ACTIVE","labels":{"deployment-tool":"cli-firebase","firebase-functions-hash":"020efb42b6166a9e2be15f2207bf4e6cbd01ca99"},"environment":"GEN_2","url":"https://us-central1-synapse-cs.cloudfunctions.net/faceitHistory","satisfiesPzi":true},"stages":[{"name":"BUILD","message":"Reusing build","state":"COMPLETE","resource":"projects/847687663798/locations/us-central1/builds/81ce678b-47a3-4cc9-8bda-ab5f458a4940","stateMessages":[{"severity":"WARNING","type":"BuildAnalysisWarning","message":"Node.js 20 is no longer supported by the Node.js community as of 30 April, 2026. Runtime nodejs20 is currently deprecated for Cloud Functions. We recommend you to upgrade to the latest version of Node.js as soon as possible."}]},{"name":"SERVICE","message":"Updating Cloud Run service","state":"IN_PROGRESS","resource":"projects/synapse-cs/locations/us-central1/services/faceithistory","resourceUri":"https://console.cloud.google.com/run/detail/us-central1/faceithistory?project=synapse-cs","stateMessages":[{"severity":"INFO","type":"CloudRunServiceNewRevisionTrafficInfo","message":"A new revision will be deployed serving with 100% traffic."}]}],"sourceToken":"Cldwcm9qZWN0cy84NDc2ODc2NjM3OTgvbG9jYXRpb25zL3VzLWNlbnRyYWwxL2J1aWxkcy84MWNlNjc4Yi00N2EzLTRjYzktOGJkYS1hYjVmNDU4YTQ5NDASZHVzLWNlbnRyYWwxLWRvY2tlci5wa2cuZGV2L3N5bmFwc2UtY3MvZ2NmLWFydGlmYWN0cy9zeW5hcHNlLS1jc19fdXMtLWNlbnRyYWwxX19zdGVhbV9sb2dpbjp2ZXJzaW9uXzEYtoH98NUYIj5wcm9qZWN0cy9zeW5hcHNlLWNzL2xvY2F0aW9ucy91cy1jZW50cmFsMS9mdW5jdGlvbnMvc3RlYW1Mb2dpbioMCOOYx9EGEOic1LIBMghub2RlanMyMDp2CiNnY3IuaW8vZ2FlLXJ1bnRpbWVzL25vZGVqczIwOnN0YWJsZRJPdXMtY2VudHJhbDEtZG9ja2VyLnBrZy5kZXYvc2VydmVybGVzcy1ydW50aW1lcy9nb29nbGUtMjItZnVsbC9ydW50aW1lcy9ub2RlanMyMEAB","operationType":"UPDATE_FUNCTION","buildName":"projects/847687663798/locations/us-central1/builds/81ce678b-47a3-4cc9-8bda-ab5f458a4940"},"done":false}
[debug] [2026-06-16T22:21:36.822Z] Got source token Cldwcm9qZWN0cy84NDc2ODc2NjM3OTgvbG9jYXRpb25zL3VzLWNlbnRyYWwxL2J1aWxkcy84MWNlNjc4Yi00N2EzLTRjYzktOGJkYS1hYjVmNDU4YTQ5NDASZHVzLWNlbnRyYWwxLWRvY2tlci5wa2cuZGV2L3N5bmFwc2UtY3MvZ2NmLWFydGlmYWN0cy9zeW5hcHNlLS1jc19fdXMtLWNlbnRyYWwxX19zdGVhbV9sb2dpbjp2ZXJzaW9uXzEYtoH98NUYIj5wcm9qZWN0cy9zeW5hcHNlLWNzL2xvY2F0aW9ucy91cy1jZW50cmFsMS9mdW5jdGlvbnMvc3RlYW1Mb2dpbioMCOOYx9EGEOic1LIBMghub2RlanMyMDp2CiNnY3IuaW8vZ2FlLXJ1bnRpbWVzL25vZGVqczIwOnN0YWJsZRJPdXMtY2VudHJhbDEtZG9ja2VyLnBrZy5kZXYvc2VydmVybGVzcy1ydW50aW1lcy9nb29nbGUtMjItZnVsbC9ydW50aW1lcy9ub2RlanMyMEAB for region us-central1
[debug] [2026-06-16T22:21:37.526Z] [update-default-us-central1-steamLogin] Retrying task index 0
[debug] [2026-06-16T22:21:37.526Z] Checked if tokens are valid: true, expires at: 1781649859103
[debug] [2026-06-16T22:21:37.526Z] Checked if tokens are valid: true, expires at: 1781649859103
[debug] [2026-06-16T22:21:37.526Z] >>> [apiv2][query] GET https://cloudfunctions.googleapis.com/v2/projects/synapse-cs/locations/us-central1/operations/operation-1781648442137-654665a821c10-5719802b-0560a401 [none]
[debug] [2026-06-16T22:21:38.451Z] <<< [apiv2][status] GET https://cloudfunctions.googleapis.com/v2/projects/synapse-cs/locations/us-central1/operations/operation-1781648442137-654665a821c10-5719802b-0560a401 200
[debug] [2026-06-16T22:21:38.451Z] <<< [apiv2][body] GET https://cloudfunctions.googleapis.com/v2/projects/synapse-cs/locations/us-central1/operations/operation-1781648442137-654665a821c10-5719802b-0560a401 {"name":"projects/synapse-cs/locations/us-central1/operations/operation-1781648442137-654665a821c10-5719802b-0560a401","metadata":{"@type":"type.googleapis.com/google.cloud.functions.v2.OperationMetadata","createTime":"2026-06-16T22:20:43.024771139Z","endTime":"2026-06-16T22:21:33.801118419Z","target":"projects/synapse-cs/locations/us-central1/functions/steamLogin","verb":"update","cancelRequested":false,"apiVersion":"v2","requestResource":{"@type":"type.googleapis.com/google.cloud.functions.v2.Function","name":"projects/synapse-cs/locations/us-central1/functions/steamLogin","buildConfig":{"runtime":"nodejs20","entryPoint":"steamLogin","source":{"storageSource":{"bucket":"gcf-v2-sources-847687663798-us-central1","object":"steamLogin/function-source.zip","generation":"1781648442973404"}},"environmentVariables":{"GOOGLE_NODE_RUN_SCRIPTS":""},"dockerRepository":"projects/synapse-cs/locations/us-central1/repositories/gcf-artifacts","sourceProvenance":{"resolvedStorageSource":{"bucket":"gcf-v2-sources-847687663798-us-central1","object":"steamLogin/function-source.zip","generation":"1781647700887186"}},"dockerRegistry":"ARTIFACT_REGISTRY","serviceAccount":"projects/synapse-cs/serviceAccounts/847687663798-compute@developer.gserviceaccount.com","automaticUpdatePolicy":{}},"serviceConfig":{"service":"projects/synapse-cs/locations/us-central1/services/steamlogin","timeoutSeconds":60,"environmentVariables":{"FIREBASE_CONFIG":"{\"projectId\":\"synapse-cs\",\"storageBucket\":\"synapse-cs.firebasestorage.app\"}","GCLOUD_PROJECT":"synapse-cs","EVENTARC_CLOUD_EVENT_SOURCE":"projects/synapse-cs/locations/us-central1/services/steamLogin","FUNCTION_TARGET":"steamLogin","LOG_EXECUTION_ID":"true"},"ingressSettings":"ALLOW_ALL","uri":"https://steamlogin-bx52x5erya-uc.a.run.app","serviceAccountEmail":"847687663798-compute@developer.gserviceaccount.com","availableMemory":"256Mi","allTrafficOnLatestRevision":true,"secretEnvironmentVariables":[{"key":"STEAM_API_KEY","projectId":"synapse-cs","secret":"STEAM_API_KEY","version":"1"}],"revision":"steamlogin-00001-fet","maxInstanceRequestConcurrency":80,"availableCpu":"1"},"state":"ACTIVE","labels":{"deployment-tool":"cloudfunctions","firebase-functions-hash":"48873fbc84636facfdf2beb0e6b29d2f7751f3c3"},"environment":"GEN_2","url":"https://us-central1-synapse-cs.cloudfunctions.net/steamLogin","satisfiesPzi":true},"stages":[{"name":"BUILD","message":"Build finished","state":"COMPLETE","resource":"projects/847687663798/locations/us-central1/builds/81ce678b-47a3-4cc9-8bda-ab5f458a4940","resourceUri":"https://console.cloud.google.com/cloud-build/builds;region=us-central1/81ce678b-47a3-4cc9-8bda-ab5f458a4940?project=847687663798"},{"name":"SERVICE","message":"Updating Cloud Run service","state":"COMPLETE","resource":"projects/synapse-cs/locations/us-central1/services/steamlogin","resourceUri":"https://console.cloud.google.com/run/detail/us-central1/steamlogin?project=synapse-cs","stateMessages":[{"severity":"INFO","type":"CloudRunServiceNewRevisionTrafficInfo","message":"A new revision will be deployed serving with 100% traffic."}]}],"sourceToken":"Cldwcm9qZWN0cy84NDc2ODc2NjM3OTgvbG9jYXRpb25zL3VzLWNlbnRyYWwxL2J1aWxkcy84MWNlNjc4Yi00N2EzLTRjYzktOGJkYS1hYjVmNDU4YTQ5NDASZHVzLWNlbnRyYWwxLWRvY2tlci5wa2cuZGV2L3N5bmFwc2UtY3MvZ2NmLWFydGlmYWN0cy9zeW5hcHNlLS1jc19fdXMtLWNlbnRyYWwxX19zdGVhbV9sb2dpbjp2ZXJzaW9uXzEYtoH98NUYIj5wcm9qZWN0cy9zeW5hcHNlLWNzL2xvY2F0aW9ucy91cy1jZW50cmFsMS9mdW5jdGlvbnMvc3RlYW1Mb2dpbioMCOOYx9EGEOic1LIBMghub2RlanMyMDp2CiNnY3IuaW8vZ2FlLXJ1bnRpbWVzL25vZGVqczIwOnN0YWJsZRJPdXMtY2VudHJhbDEtZG9ja2VyLnBrZy5kZXYvc2VydmVybGVzcy1ydW50aW1lcy9nb29nbGUtMjItZnVsbC9ydW50aW1lcy9ub2RlanMyMEAB","operationType":"UPDATE_FUNCTION","buildName":"projects/847687663798/locations/us-central1/builds/81ce678b-47a3-4cc9-8bda-ab5f458a4940"},"done":true,"response":{"@type":"type.googleapis.com/google.cloud.functions.v2.Function","name":"projects/synapse-cs/locations/us-central1/functions/steamLogin","buildConfig":{"build":"projects/847687663798/locations/us-central1/builds/81ce678b-47a3-4cc9-8bda-ab5f458a4940","runtime":"nodejs20","entryPoint":"steamLogin","source":{"storageSource":{"bucket":"gcf-v2-sources-847687663798-us-central1","object":"steamLogin/function-source.zip","generation":"1781648442973404"}},"environmentVariables":{"GOOGLE_NODE_RUN_SCRIPTS":""},"dockerRepository":"projects/synapse-cs/locations/us-central1/repositories/gcf-artifacts","sourceProvenance":{"resolvedStorageSource":{"bucket":"gcf-v2-sources-847687663798-us-central1","object":"steamLogin/function-source.zip","generation":"1781648442973404"}},"dockerRegistry":"ARTIFACT_REGISTRY","serviceAccount":"projects/synapse-cs/serviceAccounts/847687663798-compute@developer.gserviceaccount.com","automaticUpdatePolicy":{}},"serviceConfig":{"service":"projects/synapse-cs/locations/us-central1/services/steamlogin","timeoutSeconds":60,"environmentVariables":{"FIREBASE_CONFIG":"{\"projectId\":\"synapse-cs\",\"storageBucket\":\"synapse-cs.firebasestorage.app\"}","GCLOUD_PROJECT":"synapse-cs","EVENTARC_CLOUD_EVENT_SOURCE":"projects/synapse-cs/locations/us-central1/services/steamLogin","FUNCTION_TARGET":"steamLogin","LOG_EXECUTION_ID":"true"},"maxInstanceCount":20,"ingressSettings":"ALLOW_ALL","uri":"https://steamlogin-bx52x5erya-uc.a.run.app","serviceAccountEmail":"847687663798-compute@developer.gserviceaccount.com","availableMemory":"256Mi","allTrafficOnLatestRevision":true,"secretEnvironmentVariables":[{"key":"STEAM_API_KEY","projectId":"synapse-cs","secret":"STEAM_API_KEY","version":"1"}],"revision":"steamlogin-00002-jej","maxInstanceRequestConcurrency":80,"availableCpu":"1"},"state":"ACTIVE","updateTime":"2026-06-16T22:20:43.027319525Z","labels":{"deployment-tool":"cli-firebase","firebase-functions-hash":"48873fbc84636facfdf2beb0e6b29d2f7751f3c3"},"environment":"GEN_2","url":"https://us-central1-synapse-cs.cloudfunctions.net/steamLogin","createTime":"2026-06-16T22:03:11.525972023Z","satisfiesPzi":true}}
[debug] [2026-06-16T22:21:38.451Z] Got source token Cldwcm9qZWN0cy84NDc2ODc2NjM3OTgvbG9jYXRpb25zL3VzLWNlbnRyYWwxL2J1aWxkcy84MWNlNjc4Yi00N2EzLTRjYzktOGJkYS1hYjVmNDU4YTQ5NDASZHVzLWNlbnRyYWwxLWRvY2tlci5wa2cuZGV2L3N5bmFwc2UtY3MvZ2NmLWFydGlmYWN0cy9zeW5hcHNlLS1jc19fdXMtLWNlbnRyYWwxX19zdGVhbV9sb2dpbjp2ZXJzaW9uXzEYtoH98NUYIj5wcm9qZWN0cy9zeW5hcHNlLWNzL2xvY2F0aW9ucy91cy1jZW50cmFsMS9mdW5jdGlvbnMvc3RlYW1Mb2dpbioMCOOYx9EGEOic1LIBMghub2RlanMyMDp2CiNnY3IuaW8vZ2FlLXJ1bnRpbWVzL25vZGVqczIwOnN0YWJsZRJPdXMtY2VudHJhbDEtZG9ja2VyLnBrZy5kZXYvc2VydmVybGVzcy1ydW50aW1lcy9nb29nbGUtMjItZnVsbC9ydW50aW1lcy9ub2RlanMyMEAB for region us-central1
[info] +  functions[steamLogin(us-central1)] Successful update operation. 
[debug] [2026-06-16T22:21:40.516Z] [update-default-us-central1-receiveMatchStats] Retrying task index 0
[debug] [2026-06-16T22:21:40.516Z] Checked if tokens are valid: true, expires at: 1781649859103
[debug] [2026-06-16T22:21:40.516Z] Checked if tokens are valid: true, expires at: 1781649859103
[debug] [2026-06-16T22:21:40.516Z] >>> [apiv2][query] GET https://cloudfunctions.googleapis.com/v2/projects/synapse-cs/locations/us-central1/operations/operation-1781648488145-654665d402209-d017d83a-696998a3 [none]
[debug] [2026-06-16T22:21:40.633Z] [update-default-us-central1-updateMixScore] Retrying task index 0
[debug] [2026-06-16T22:21:40.633Z] Checked if tokens are valid: true, expires at: 1781649859103
[debug] [2026-06-16T22:21:40.633Z] Checked if tokens are valid: true, expires at: 1781649859103
[debug] [2026-06-16T22:21:40.633Z] >>> [apiv2][query] GET https://cloudfunctions.googleapis.com/v2/projects/synapse-cs/locations/us-central1/operations/operation-1781648488144-654665d402003-02699133-fef61db2 [none]
[debug] [2026-06-16T22:21:40.824Z] [update-default-us-central1-faceitHistory] Retrying task index 0
[debug] [2026-06-16T22:21:40.824Z] Checked if tokens are valid: true, expires at: 1781649859103
[debug] [2026-06-16T22:21:40.824Z] Checked if tokens are valid: true, expires at: 1781649859103
[debug] [2026-06-16T22:21:40.824Z] >>> [apiv2][query] GET https://cloudfunctions.googleapis.com/v2/projects/synapse-cs/locations/us-central1/operations/operation-1781648488202-654665d410256-95e28c0e-1a90b249 [none]
[debug] [2026-06-16T22:21:41.451Z] <<< [apiv2][status] GET https://cloudfunctions.googleapis.com/v2/projects/synapse-cs/locations/us-central1/operations/operation-1781648488145-654665d402209-d017d83a-696998a3 200
[debug] [2026-06-16T22:21:41.452Z] <<< [apiv2][body] GET https://cloudfunctions.googleapis.com/v2/projects/synapse-cs/locations/us-central1/operations/operation-1781648488145-654665d402209-d017d83a-696998a3 {"name":"projects/synapse-cs/locations/us-central1/operations/operation-1781648488145-654665d402209-d017d83a-696998a3","metadata":{"@type":"type.googleapis.com/google.cloud.functions.v2.OperationMetadata","createTime":"2026-06-16T22:21:28.901644431Z","target":"projects/synapse-cs/locations/us-central1/functions/receiveMatchStats","verb":"update","cancelRequested":false,"apiVersion":"v2","requestResource":{"@type":"type.googleapis.com/google.cloud.functions.v2.Function","name":"projects/synapse-cs/locations/us-central1/functions/receiveMatchStats","buildConfig":{"runtime":"nodejs20","entryPoint":"receiveMatchStats","source":{"storageSource":{"bucket":"gcf-v2-sources-847687663798-us-central1","object":"receiveMatchStats/function-source.zip","generation":"1781648488820639"}},"environmentVariables":{"GOOGLE_NODE_RUN_SCRIPTS":""},"dockerRepository":"projects/synapse-cs/locations/us-central1/repositories/gcf-artifacts","sourceProvenance":{"resolvedStorageSource":{"bucket":"gcf-v2-sources-847687663798-us-central1","object":"receiveMatchStats/function-source.zip","generation":"1781647745197334"}},"dockerRegistry":"ARTIFACT_REGISTRY","sourceToken":"Cldwcm9qZWN0cy84NDc2ODc2NjM3OTgvbG9jYXRpb25zL3VzLWNlbnRyYWwxL2J1aWxkcy84MWNlNjc4Yi00N2EzLTRjYzktOGJkYS1hYjVmNDU4YTQ5NDASZHVzLWNlbnRyYWwxLWRvY2tlci5wa2cuZGV2L3N5bmFwc2UtY3MvZ2NmLWFydGlmYWN0cy9zeW5hcHNlLS1jc19fdXMtLWNlbnRyYWwxX19zdGVhbV9sb2dpbjp2ZXJzaW9uXzEYtoH98NUYIj5wcm9qZWN0cy9zeW5hcHNlLWNzL2xvY2F0aW9ucy91cy1jZW50cmFsMS9mdW5jdGlvbnMvc3RlYW1Mb2dpbioMCOOYx9EGEOic1LIBMghub2RlanMyMDp2CiNnY3IuaW8vZ2FlLXJ1bnRpbWVzL25vZGVqczIwOnN0YWJsZRJPdXMtY2VudHJhbDEtZG9ja2VyLnBrZy5kZXYvc2VydmVybGVzcy1ydW50aW1lcy9nb29nbGUtMjItZnVsbC9ydW50aW1lcy9ub2RlanMyMEAB","serviceAccount":"projects/synapse-cs/serviceAccounts/847687663798-compute@developer.gserviceaccount.com","automaticUpdatePolicy":{}},"serviceConfig":{"service":"projects/synapse-cs/locations/us-central1/services/receivematchstats","timeoutSeconds":60,"environmentVariables":{"FIREBASE_CONFIG":"{\"projectId\":\"synapse-cs\",\"storageBucket\":\"synapse-cs.firebasestorage.app\"}","GCLOUD_PROJECT":"synapse-cs","EVENTARC_CLOUD_EVENT_SOURCE":"projects/synapse-cs/locations/us-central1/services/receiveMatchStats","FUNCTION_TARGET":"receiveMatchStats","LOG_EXECUTION_ID":"true","FUNCTION_SIGNATURE_TYPE":"http"},"ingressSettings":"ALLOW_ALL","uri":"https://receivematchstats-bx52x5erya-uc.a.run.app","serviceAccountEmail":"847687663798-compute@developer.gserviceaccount.com","availableMemory":"256Mi","allTrafficOnLatestRevision":true,"secretEnvironmentVariables":[{"key":"SYNAPSE_SERVER_SECRET","projectId":"synapse-cs","secret":"SYNAPSE_SERVER_SECRET","version":"1"}],"revision":"receivematchstats-00002-rub","maxInstanceRequestConcurrency":80,"availableCpu":"1"},"state":"ACTIVE","labels":{"deployment-tool":"cli-firebase","firebase-functions-hash":"4605589e9225acf233f5a4308be3571620d88fea"},"environment":"GEN_2","url":"https://us-central1-synapse-cs.cloudfunctions.net/receiveMatchStats","satisfiesPzi":true},"stages":[{"name":"BUILD","message":"Reusing build","state":"COMPLETE","resource":"projects/847687663798/locations/us-central1/builds/81ce678b-47a3-4cc9-8bda-ab5f458a4940","stateMessages":[{"severity":"WARNING","type":"BuildAnalysisWarning","message":"Node.js 20 is no longer supported by the Node.js community as of 30 April, 2026. Runtime nodejs20 is currently deprecated for Cloud Functions. We recommend you to upgrade to the latest version of Node.js as soon as possible."}]},{"name":"SERVICE","message":"Updating Cloud Run service","state":"IN_PROGRESS","resource":"projects/synapse-cs/locations/us-central1/services/receivematchstats","resourceUri":"https://console.cloud.google.com/run/detail/us-central1/receivematchstats?project=synapse-cs","stateMessages":[{"severity":"INFO","type":"CloudRunServiceNewRevisionTrafficInfo","message":"A new revision will be deployed serving with 100% traffic."}]}],"sourceToken":"Cldwcm9qZWN0cy84NDc2ODc2NjM3OTgvbG9jYXRpb25zL3VzLWNlbnRyYWwxL2J1aWxkcy84MWNlNjc4Yi00N2EzLTRjYzktOGJkYS1hYjVmNDU4YTQ5NDASZHVzLWNlbnRyYWwxLWRvY2tlci5wa2cuZGV2L3N5bmFwc2UtY3MvZ2NmLWFydGlmYWN0cy9zeW5hcHNlLS1jc19fdXMtLWNlbnRyYWwxX19zdGVhbV9sb2dpbjp2ZXJzaW9uXzEYtoH98NUYIj5wcm9qZWN0cy9zeW5hcHNlLWNzL2xvY2F0aW9ucy91cy1jZW50cmFsMS9mdW5jdGlvbnMvc3RlYW1Mb2dpbioMCOOYx9EGEOic1LIBMghub2RlanMyMDp2CiNnY3IuaW8vZ2FlLXJ1bnRpbWVzL25vZGVqczIwOnN0YWJsZRJPdXMtY2VudHJhbDEtZG9ja2VyLnBrZy5kZXYvc2VydmVybGVzcy1ydW50aW1lcy9nb29nbGUtMjItZnVsbC9ydW50aW1lcy9ub2RlanMyMEAB","operationType":"UPDATE_FUNCTION","buildName":"projects/847687663798/locations/us-central1/builds/81ce678b-47a3-4cc9-8bda-ab5f458a4940"},"done":false}
[debug] [2026-06-16T22:21:41.452Z] Got source token Cldwcm9qZWN0cy84NDc2ODc2NjM3OTgvbG9jYXRpb25zL3VzLWNlbnRyYWwxL2J1aWxkcy84MWNlNjc4Yi00N2EzLTRjYzktOGJkYS1hYjVmNDU4YTQ5NDASZHVzLWNlbnRyYWwxLWRvY2tlci5wa2cuZGV2L3N5bmFwc2UtY3MvZ2NmLWFydGlmYWN0cy9zeW5hcHNlLS1jc19fdXMtLWNlbnRyYWwxX19zdGVhbV9sb2dpbjp2ZXJzaW9uXzEYtoH98NUYIj5wcm9qZWN0cy9zeW5hcHNlLWNzL2xvY2F0aW9ucy91cy1jZW50cmFsMS9mdW5jdGlvbnMvc3RlYW1Mb2dpbioMCOOYx9EGEOic1LIBMghub2RlanMyMDp2CiNnY3IuaW8vZ2FlLXJ1bnRpbWVzL25vZGVqczIwOnN0YWJsZRJPdXMtY2VudHJhbDEtZG9ja2VyLnBrZy5kZXYvc2VydmVybGVzcy1ydW50aW1lcy9nb29nbGUtMjItZnVsbC9ydW50aW1lcy9ub2RlanMyMEAB for region us-central1
[debug] [2026-06-16T22:21:41.563Z] <<< [apiv2][status] GET https://cloudfunctions.googleapis.com/v2/projects/synapse-cs/locations/us-central1/operations/operation-1781648488144-654665d402003-02699133-fef61db2 200
[debug] [2026-06-16T22:21:41.563Z] <<< [apiv2][body] GET https://cloudfunctions.googleapis.com/v2/projects/synapse-cs/locations/us-central1/operations/operation-1781648488144-654665d402003-02699133-fef61db2 {"name":"projects/synapse-cs/locations/us-central1/operations/operation-1781648488144-654665d402003-02699133-fef61db2","metadata":{"@type":"type.googleapis.com/google.cloud.functions.v2.OperationMetadata","createTime":"2026-06-16T22:21:28.920137590Z","endTime":"2026-06-16T22:21:36.688781253Z","target":"projects/synapse-cs/locations/us-central1/functions/updateMixScore","verb":"update","cancelRequested":false,"apiVersion":"v2","requestResource":{"@type":"type.googleapis.com/google.cloud.functions.v2.Function","name":"projects/synapse-cs/locations/us-central1/functions/updateMixScore","buildConfig":{"runtime":"nodejs20","entryPoint":"updateMixScore","source":{"storageSource":{"bucket":"gcf-v2-sources-847687663798-us-central1","object":"updateMixScore/function-source.zip","generation":"1781648488871596"}},"environmentVariables":{"GOOGLE_NODE_RUN_SCRIPTS":""},"dockerRepository":"projects/synapse-cs/locations/us-central1/repositories/gcf-artifacts","sourceProvenance":{"resolvedStorageSource":{"bucket":"gcf-v2-sources-847687663798-us-central1","object":"updateMixScore/function-source.zip","generation":"1781647745156852"}},"dockerRegistry":"ARTIFACT_REGISTRY","sourceToken":"Cldwcm9qZWN0cy84NDc2ODc2NjM3OTgvbG9jYXRpb25zL3VzLWNlbnRyYWwxL2J1aWxkcy84MWNlNjc4Yi00N2EzLTRjYzktOGJkYS1hYjVmNDU4YTQ5NDASZHVzLWNlbnRyYWwxLWRvY2tlci5wa2cuZGV2L3N5bmFwc2UtY3MvZ2NmLWFydGlmYWN0cy9zeW5hcHNlLS1jc19fdXMtLWNlbnRyYWwxX19zdGVhbV9sb2dpbjp2ZXJzaW9uXzEYtoH98NUYIj5wcm9qZWN0cy9zeW5hcHNlLWNzL2xvY2F0aW9ucy91cy1jZW50cmFsMS9mdW5jdGlvbnMvc3RlYW1Mb2dpbioMCOOYx9EGEOic1LIBMghub2RlanMyMDp2CiNnY3IuaW8vZ2FlLXJ1bnRpbWVzL25vZGVqczIwOnN0YWJsZRJPdXMtY2VudHJhbDEtZG9ja2VyLnBrZy5kZXYvc2VydmVybGVzcy1ydW50aW1lcy9nb29nbGUtMjItZnVsbC9ydW50aW1lcy9ub2RlanMyMEAB","serviceAccount":"projects/synapse-cs/serviceAccounts/847687663798-compute@developer.gserviceaccount.com","automaticUpdatePolicy":{}},"serviceConfig":{"service":"projects/synapse-cs/locations/us-central1/services/updatemixscore","timeoutSeconds":60,"environmentVariables":{"FIREBASE_CONFIG":"{\"projectId\":\"synapse-cs\",\"storageBucket\":\"synapse-cs.firebasestorage.app\"}","GCLOUD_PROJECT":"synapse-cs","EVENTARC_CLOUD_EVENT_SOURCE":"projects/synapse-cs/locations/us-central1/services/updateMixScore","FUNCTION_TARGET":"updateMixScore","LOG_EXECUTION_ID":"true","FUNCTION_SIGNATURE_TYPE":"http"},"ingressSettings":"ALLOW_ALL","uri":"https://updatemixscore-bx52x5erya-uc.a.run.app","serviceAccountEmail":"847687663798-compute@developer.gserviceaccount.com","availableMemory":"256Mi","allTrafficOnLatestRevision":true,"revision":"updatemixscore-00002-nax","maxInstanceRequestConcurrency":80,"availableCpu":"1"},"state":"ACTIVE","labels":{"deployment-tool":"cli-firebase","firebase-functions-hash":"020efb42b6166a9e2be15f2207bf4e6cbd01ca99"},"environment":"GEN_2","url":"https://us-central1-synapse-cs.cloudfunctions.net/updateMixScore","satisfiesPzi":true},"stages":[{"name":"BUILD","message":"Reusing build","state":"COMPLETE","resource":"projects/847687663798/locations/us-central1/builds/81ce678b-47a3-4cc9-8bda-ab5f458a4940","stateMessages":[{"severity":"WARNING","type":"BuildAnalysisWarning","message":"Node.js 20 is no longer supported by the Node.js community as of 30 April, 2026. Runtime nodejs20 is currently deprecated for Cloud Functions. We recommend you to upgrade to the latest version of Node.js as soon as possible."}]},{"name":"SERVICE","message":"Updating Cloud Run service","state":"COMPLETE","resource":"projects/synapse-cs/locations/us-central1/services/updatemixscore","resourceUri":"https://console.cloud.google.com/run/detail/us-central1/updatemixscore?project=synapse-cs","stateMessages":[{"severity":"INFO","type":"CloudRunServiceNewRevisionTrafficInfo","message":"A new revision will be deployed serving with 100% traffic."}]}],"sourceToken":"Cldwcm9qZWN0cy84NDc2ODc2NjM3OTgvbG9jYXRpb25zL3VzLWNlbnRyYWwxL2J1aWxkcy84MWNlNjc4Yi00N2EzLTRjYzktOGJkYS1hYjVmNDU4YTQ5NDASZHVzLWNlbnRyYWwxLWRvY2tlci5wa2cuZGV2L3N5bmFwc2UtY3MvZ2NmLWFydGlmYWN0cy9zeW5hcHNlLS1jc19fdXMtLWNlbnRyYWwxX19zdGVhbV9sb2dpbjp2ZXJzaW9uXzEYtoH98NUYIj5wcm9qZWN0cy9zeW5hcHNlLWNzL2xvY2F0aW9ucy91cy1jZW50cmFsMS9mdW5jdGlvbnMvc3RlYW1Mb2dpbioMCOOYx9EGEOic1LIBMghub2RlanMyMDp2CiNnY3IuaW8vZ2FlLXJ1bnRpbWVzL25vZGVqczIwOnN0YWJsZRJPdXMtY2VudHJhbDEtZG9ja2VyLnBrZy5kZXYvc2VydmVybGVzcy1ydW50aW1lcy9nb29nbGUtMjItZnVsbC9ydW50aW1lcy9ub2RlanMyMEAB","operationType":"UPDATE_FUNCTION","buildName":"projects/847687663798/locations/us-central1/builds/81ce678b-47a3-4cc9-8bda-ab5f458a4940"},"done":true,"response":{"@type":"type.googleapis.com/google.cloud.functions.v2.Function","name":"projects/synapse-cs/locations/us-central1/functions/updateMixScore","buildConfig":{"build":"projects/847687663798/locations/us-central1/builds/81ce678b-47a3-4cc9-8bda-ab5f458a4940","runtime":"nodejs20","entryPoint":"updateMixScore","source":{"storageSource":{"bucket":"gcf-v2-sources-847687663798-us-central1","object":"updateMixScore/function-source.zip","generation":"1781648488871596"}},"environmentVariables":{"GOOGLE_NODE_RUN_SCRIPTS":""},"dockerRepository":"projects/synapse-cs/locations/us-central1/repositories/gcf-artifacts","sourceProvenance":{"resolvedStorageSource":{"bucket":"gcf-v2-sources-847687663798-us-central1","object":"updateMixScore/function-source.zip","generation":"1781648488871596"}},"dockerRegistry":"ARTIFACT_REGISTRY","serviceAccount":"projects/synapse-cs/serviceAccounts/847687663798-compute@developer.gserviceaccount.com","automaticUpdatePolicy":{}},"serviceConfig":{"service":"projects/synapse-cs/locations/us-central1/services/updatemixscore","timeoutSeconds":60,"environmentVariables":{"FIREBASE_CONFIG":"{\"projectId\":\"synapse-cs\",\"storageBucket\":\"synapse-cs.firebasestorage.app\"}","GCLOUD_PROJECT":"synapse-cs","EVENTARC_CLOUD_EVENT_SOURCE":"projects/synapse-cs/locations/us-central1/services/updateMixScore","FUNCTION_TARGET":"updateMixScore","LOG_EXECUTION_ID":"true","FUNCTION_SIGNATURE_TYPE":"http"},"maxInstanceCount":20,"ingressSettings":"ALLOW_ALL","uri":"https://updatemixscore-bx52x5erya-uc.a.run.app","serviceAccountEmail":"847687663798-compute@developer.gserviceaccount.com","availableMemory":"256Mi","allTrafficOnLatestRevision":true,"revision":"updatemixscore-00003-fig","maxInstanceRequestConcurrency":80,"availableCpu":"1"},"state":"ACTIVE","updateTime":"2026-06-16T22:21:28.922498229Z","labels":{"deployment-tool":"cli-firebase","firebase-functions-hash":"020efb42b6166a9e2be15f2207bf4e6cbd01ca99"},"environment":"GEN_2","url":"https://us-central1-synapse-cs.cloudfunctions.net/updateMixScore","createTime":"2026-06-16T22:04:06.783578553Z","satisfiesPzi":true}}
[debug] [2026-06-16T22:21:41.563Z] Got source token Cldwcm9qZWN0cy84NDc2ODc2NjM3OTgvbG9jYXRpb25zL3VzLWNlbnRyYWwxL2J1aWxkcy84MWNlNjc4Yi00N2EzLTRjYzktOGJkYS1hYjVmNDU4YTQ5NDASZHVzLWNlbnRyYWwxLWRvY2tlci5wa2cuZGV2L3N5bmFwc2UtY3MvZ2NmLWFydGlmYWN0cy9zeW5hcHNlLS1jc19fdXMtLWNlbnRyYWwxX19zdGVhbV9sb2dpbjp2ZXJzaW9uXzEYtoH98NUYIj5wcm9qZWN0cy9zeW5hcHNlLWNzL2xvY2F0aW9ucy91cy1jZW50cmFsMS9mdW5jdGlvbnMvc3RlYW1Mb2dpbioMCOOYx9EGEOic1LIBMghub2RlanMyMDp2CiNnY3IuaW8vZ2FlLXJ1bnRpbWVzL25vZGVqczIwOnN0YWJsZRJPdXMtY2VudHJhbDEtZG9ja2VyLnBrZy5kZXYvc2VydmVybGVzcy1ydW50aW1lcy9nb29nbGUtMjItZnVsbC9ydW50aW1lcy9ub2RlanMyMEAB for region us-central1
[info] +  functions[updateMixScore(us-central1)] Successful update operation. 
[debug] [2026-06-16T22:21:41.738Z] <<< [apiv2][status] GET https://cloudfunctions.googleapis.com/v2/projects/synapse-cs/locations/us-central1/operations/operation-1781648488202-654665d410256-95e28c0e-1a90b249 200
[debug] [2026-06-16T22:21:41.738Z] <<< [apiv2][body] GET https://cloudfunctions.googleapis.com/v2/projects/synapse-cs/locations/us-central1/operations/operation-1781648488202-654665d410256-95e28c0e-1a90b249 {"name":"projects/synapse-cs/locations/us-central1/operations/operation-1781648488202-654665d410256-95e28c0e-1a90b249","metadata":{"@type":"type.googleapis.com/google.cloud.functions.v2.OperationMetadata","createTime":"2026-06-16T22:21:28.927135848Z","endTime":"2026-06-16T22:21:36.296259762Z","target":"projects/synapse-cs/locations/us-central1/functions/faceitHistory","verb":"update","cancelRequested":false,"apiVersion":"v2","requestResource":{"@type":"type.googleapis.com/google.cloud.functions.v2.Function","name":"projects/synapse-cs/locations/us-central1/functions/faceitHistory","buildConfig":{"runtime":"nodejs20","entryPoint":"faceitHistory","source":{"storageSource":{"bucket":"gcf-v2-sources-847687663798-us-central1","object":"faceitHistory/function-source.zip","generation":"1781648488877046"}},"environmentVariables":{"GOOGLE_NODE_RUN_SCRIPTS":""},"dockerRepository":"projects/synapse-cs/locations/us-central1/repositories/gcf-artifacts","sourceProvenance":{"resolvedStorageSource":{"bucket":"gcf-v2-sources-847687663798-us-central1","object":"faceitHistory/function-source.zip","generation":"1781647745152025"}},"dockerRegistry":"ARTIFACT_REGISTRY","sourceToken":"Cldwcm9qZWN0cy84NDc2ODc2NjM3OTgvbG9jYXRpb25zL3VzLWNlbnRyYWwxL2J1aWxkcy84MWNlNjc4Yi00N2EzLTRjYzktOGJkYS1hYjVmNDU4YTQ5NDASZHVzLWNlbnRyYWwxLWRvY2tlci5wa2cuZGV2L3N5bmFwc2UtY3MvZ2NmLWFydGlmYWN0cy9zeW5hcHNlLS1jc19fdXMtLWNlbnRyYWwxX19zdGVhbV9sb2dpbjp2ZXJzaW9uXzEYtoH98NUYIj5wcm9qZWN0cy9zeW5hcHNlLWNzL2xvY2F0aW9ucy91cy1jZW50cmFsMS9mdW5jdGlvbnMvc3RlYW1Mb2dpbioMCOOYx9EGEOic1LIBMghub2RlanMyMDp2CiNnY3IuaW8vZ2FlLXJ1bnRpbWVzL25vZGVqczIwOnN0YWJsZRJPdXMtY2VudHJhbDEtZG9ja2VyLnBrZy5kZXYvc2VydmVybGVzcy1ydW50aW1lcy9nb29nbGUtMjItZnVsbC9ydW50aW1lcy9ub2RlanMyMEAB","serviceAccount":"projects/synapse-cs/serviceAccounts/847687663798-compute@developer.gserviceaccount.com","automaticUpdatePolicy":{}},"serviceConfig":{"service":"projects/synapse-cs/locations/us-central1/services/faceithistory","timeoutSeconds":60,"environmentVariables":{"FIREBASE_CONFIG":"{\"projectId\":\"synapse-cs\",\"storageBucket\":\"synapse-cs.firebasestorage.app\"}","GCLOUD_PROJECT":"synapse-cs","EVENTARC_CLOUD_EVENT_SOURCE":"projects/synapse-cs/locations/us-central1/services/faceitHistory","FUNCTION_TARGET":"faceitHistory","LOG_EXECUTION_ID":"true","FUNCTION_SIGNATURE_TYPE":"http"},"ingressSettings":"ALLOW_ALL","uri":"https://faceithistory-bx52x5erya-uc.a.run.app","serviceAccountEmail":"847687663798-compute@developer.gserviceaccount.com","availableMemory":"256Mi","allTrafficOnLatestRevision":true,"revision":"faceithistory-00002-zun","maxInstanceRequestConcurrency":80,"availableCpu":"1"},"state":"ACTIVE","labels":{"deployment-tool":"cli-firebase","firebase-functions-hash":"020efb42b6166a9e2be15f2207bf4e6cbd01ca99"},"environment":"GEN_2","url":"https://us-central1-synapse-cs.cloudfunctions.net/faceitHistory","satisfiesPzi":true},"stages":[{"name":"BUILD","message":"Reusing build","state":"COMPLETE","resource":"projects/847687663798/locations/us-central1/builds/81ce678b-47a3-4cc9-8bda-ab5f458a4940","stateMessages":[{"severity":"WARNING","type":"BuildAnalysisWarning","message":"Node.js 20 is no longer supported by the Node.js community as of 30 April, 2026. Runtime nodejs20 is currently deprecated for Cloud Functions. We recommend you to upgrade to the latest version of Node.js as soon as possible."}]},{"name":"SERVICE","message":"Updating Cloud Run service","state":"COMPLETE","resource":"projects/synapse-cs/locations/us-central1/services/faceithistory","resourceUri":"https://console.cloud.google.com/run/detail/us-central1/faceithistory?project=synapse-cs","stateMessages":[{"severity":"INFO","type":"CloudRunServiceNewRevisionTrafficInfo","message":"A new revision will be deployed serving with 100% traffic."}]}],"sourceToken":"Cldwcm9qZWN0cy84NDc2ODc2NjM3OTgvbG9jYXRpb25zL3VzLWNlbnRyYWwxL2J1aWxkcy84MWNlNjc4Yi00N2EzLTRjYzktOGJkYS1hYjVmNDU4YTQ5NDASZHVzLWNlbnRyYWwxLWRvY2tlci5wa2cuZGV2L3N5bmFwc2UtY3MvZ2NmLWFydGlmYWN0cy9zeW5hcHNlLS1jc19fdXMtLWNlbnRyYWwxX19zdGVhbV9sb2dpbjp2ZXJzaW9uXzEYtoH98NUYIj5wcm9qZWN0cy9zeW5hcHNlLWNzL2xvY2F0aW9ucy91cy1jZW50cmFsMS9mdW5jdGlvbnMvc3RlYW1Mb2dpbioMCOOYx9EGEOic1LIBMghub2RlanMyMDp2CiNnY3IuaW8vZ2FlLXJ1bnRpbWVzL25vZGVqczIwOnN0YWJsZRJPdXMtY2VudHJhbDEtZG9ja2VyLnBrZy5kZXYvc2VydmVybGVzcy1ydW50aW1lcy9nb29nbGUtMjItZnVsbC9ydW50aW1lcy9ub2RlanMyMEAB","operationType":"UPDATE_FUNCTION","buildName":"projects/847687663798/locations/us-central1/builds/81ce678b-47a3-4cc9-8bda-ab5f458a4940"},"done":true,"response":{"@type":"type.googleapis.com/google.cloud.functions.v2.Function","name":"projects/synapse-cs/locations/us-central1/functions/faceitHistory","buildConfig":{"build":"projects/847687663798/locations/us-central1/builds/81ce678b-47a3-4cc9-8bda-ab5f458a4940","runtime":"nodejs20","entryPoint":"faceitHistory","source":{"storageSource":{"bucket":"gcf-v2-sources-847687663798-us-central1","object":"faceitHistory/function-source.zip","generation":"1781648488877046"}},"environmentVariables":{"GOOGLE_NODE_RUN_SCRIPTS":""},"dockerRepository":"projects/synapse-cs/locations/us-central1/repositories/gcf-artifacts","sourceProvenance":{"resolvedStorageSource":{"bucket":"gcf-v2-sources-847687663798-us-central1","object":"faceitHistory/function-source.zip","generation":"1781648488877046"}},"dockerRegistry":"ARTIFACT_REGISTRY","serviceAccount":"projects/synapse-cs/serviceAccounts/847687663798-compute@developer.gserviceaccount.com","automaticUpdatePolicy":{}},"serviceConfig":{"service":"projects/synapse-cs/locations/us-central1/services/faceithistory","timeoutSeconds":60,"environmentVariables":{"FIREBASE_CONFIG":"{\"projectId\":\"synapse-cs\",\"storageBucket\":\"synapse-cs.firebasestorage.app\"}","GCLOUD_PROJECT":"synapse-cs","EVENTARC_CLOUD_EVENT_SOURCE":"projects/synapse-cs/locations/us-central1/services/faceitHistory","FUNCTION_TARGET":"faceitHistory","LOG_EXECUTION_ID":"true","FUNCTION_SIGNATURE_TYPE":"http"},"maxInstanceCount":20,"ingressSettings":"ALLOW_ALL","uri":"https://faceithistory-bx52x5erya-uc.a.run.app","serviceAccountEmail":"847687663798-compute@developer.gserviceaccount.com","availableMemory":"256Mi","allTrafficOnLatestRevision":true,"revision":"faceithistory-00003-ten","maxInstanceRequestConcurrency":80,"availableCpu":"1"},"state":"ACTIVE","updateTime":"2026-06-16T22:21:28.929439620Z","labels":{"deployment-tool":"cli-firebase","firebase-functions-hash":"020efb42b6166a9e2be15f2207bf4e6cbd01ca99"},"environment":"GEN_2","url":"https://us-central1-synapse-cs.cloudfunctions.net/faceitHistory","createTime":"2026-06-16T22:04:06.655218079Z","satisfiesPzi":true}}
[debug] [2026-06-16T22:21:41.738Z] Got source token Cldwcm9qZWN0cy84NDc2ODc2NjM3OTgvbG9jYXRpb25zL3VzLWNlbnRyYWwxL2J1aWxkcy84MWNlNjc4Yi00N2EzLTRjYzktOGJkYS1hYjVmNDU4YTQ5NDASZHVzLWNlbnRyYWwxLWRvY2tlci5wa2cuZGV2L3N5bmFwc2UtY3MvZ2NmLWFydGlmYWN0cy9zeW5hcHNlLS1jc19fdXMtLWNlbnRyYWwxX19zdGVhbV9sb2dpbjp2ZXJzaW9uXzEYtoH98NUYIj5wcm9qZWN0cy9zeW5hcHNlLWNzL2xvY2F0aW9ucy91cy1jZW50cmFsMS9mdW5jdGlvbnMvc3RlYW1Mb2dpbioMCOOYx9EGEOic1LIBMghub2RlanMyMDp2CiNnY3IuaW8vZ2FlLXJ1bnRpbWVzL25vZGVqczIwOnN0YWJsZRJPdXMtY2VudHJhbDEtZG9ja2VyLnBrZy5kZXYvc2VydmVybGVzcy1ydW50aW1lcy9nb29nbGUtMjItZnVsbC9ydW50aW1lcy9ub2RlanMyMEAB for region us-central1
[info] +  functions[faceitHistory(us-central1)] Successful update operation. 
[debug] [2026-06-16T22:21:49.452Z] [update-default-us-central1-receiveMatchStats] Retrying task index 0
[debug] [2026-06-16T22:21:49.452Z] Checked if tokens are valid: true, expires at: 1781649859103
[debug] [2026-06-16T22:21:49.452Z] Checked if tokens are valid: true, expires at: 1781649859103
[debug] [2026-06-16T22:21:49.452Z] >>> [apiv2][query] GET https://cloudfunctions.googleapis.com/v2/projects/synapse-cs/locations/us-central1/operations/operation-1781648488145-654665d402209-d017d83a-696998a3 [none]
[debug] [2026-06-16T22:21:50.454Z] <<< [apiv2][status] GET https://cloudfunctions.googleapis.com/v2/projects/synapse-cs/locations/us-central1/operations/operation-1781648488145-654665d402209-d017d83a-696998a3 200
[debug] [2026-06-16T22:21:50.455Z] <<< [apiv2][body] GET https://cloudfunctions.googleapis.com/v2/projects/synapse-cs/locations/us-central1/operations/operation-1781648488145-654665d402209-d017d83a-696998a3 {"name":"projects/synapse-cs/locations/us-central1/operations/operation-1781648488145-654665d402209-d017d83a-696998a3","metadata":{"@type":"type.googleapis.com/google.cloud.functions.v2.OperationMetadata","createTime":"2026-06-16T22:21:28.901644431Z","target":"projects/synapse-cs/locations/us-central1/functions/receiveMatchStats","verb":"update","cancelRequested":false,"apiVersion":"v2","requestResource":{"@type":"type.googleapis.com/google.cloud.functions.v2.Function","name":"projects/synapse-cs/locations/us-central1/functions/receiveMatchStats","buildConfig":{"runtime":"nodejs20","entryPoint":"receiveMatchStats","source":{"storageSource":{"bucket":"gcf-v2-sources-847687663798-us-central1","object":"receiveMatchStats/function-source.zip","generation":"1781648488820639"}},"environmentVariables":{"GOOGLE_NODE_RUN_SCRIPTS":""},"dockerRepository":"projects/synapse-cs/locations/us-central1/repositories/gcf-artifacts","sourceProvenance":{"resolvedStorageSource":{"bucket":"gcf-v2-sources-847687663798-us-central1","object":"receiveMatchStats/function-source.zip","generation":"1781647745197334"}},"dockerRegistry":"ARTIFACT_REGISTRY","sourceToken":"Cldwcm9qZWN0cy84NDc2ODc2NjM3OTgvbG9jYXRpb25zL3VzLWNlbnRyYWwxL2J1aWxkcy84MWNlNjc4Yi00N2EzLTRjYzktOGJkYS1hYjVmNDU4YTQ5NDASZHVzLWNlbnRyYWwxLWRvY2tlci5wa2cuZGV2L3N5bmFwc2UtY3MvZ2NmLWFydGlmYWN0cy9zeW5hcHNlLS1jc19fdXMtLWNlbnRyYWwxX19zdGVhbV9sb2dpbjp2ZXJzaW9uXzEYtoH98NUYIj5wcm9qZWN0cy9zeW5hcHNlLWNzL2xvY2F0aW9ucy91cy1jZW50cmFsMS9mdW5jdGlvbnMvc3RlYW1Mb2dpbioMCOOYx9EGEOic1LIBMghub2RlanMyMDp2CiNnY3IuaW8vZ2FlLXJ1bnRpbWVzL25vZGVqczIwOnN0YWJsZRJPdXMtY2VudHJhbDEtZG9ja2VyLnBrZy5kZXYvc2VydmVybGVzcy1ydW50aW1lcy9nb29nbGUtMjItZnVsbC9ydW50aW1lcy9ub2RlanMyMEAB","serviceAccount":"projects/synapse-cs/serviceAccounts/847687663798-compute@developer.gserviceaccount.com","automaticUpdatePolicy":{}},"serviceConfig":{"service":"projects/synapse-cs/locations/us-central1/services/receivematchstats","timeoutSeconds":60,"environmentVariables":{"FIREBASE_CONFIG":"{\"projectId\":\"synapse-cs\",\"storageBucket\":\"synapse-cs.firebasestorage.app\"}","GCLOUD_PROJECT":"synapse-cs","EVENTARC_CLOUD_EVENT_SOURCE":"projects/synapse-cs/locations/us-central1/services/receiveMatchStats","FUNCTION_TARGET":"receiveMatchStats","LOG_EXECUTION_ID":"true","FUNCTION_SIGNATURE_TYPE":"http"},"ingressSettings":"ALLOW_ALL","uri":"https://receivematchstats-bx52x5erya-uc.a.run.app","serviceAccountEmail":"847687663798-compute@developer.gserviceaccount.com","availableMemory":"256Mi","allTrafficOnLatestRevision":true,"secretEnvironmentVariables":[{"key":"SYNAPSE_SERVER_SECRET","projectId":"synapse-cs","secret":"SYNAPSE_SERVER_SECRET","version":"1"}],"revision":"receivematchstats-00002-rub","maxInstanceRequestConcurrency":80,"availableCpu":"1"},"state":"ACTIVE","labels":{"deployment-tool":"cli-firebase","firebase-functions-hash":"4605589e9225acf233f5a4308be3571620d88fea"},"environment":"GEN_2","url":"https://us-central1-synapse-cs.cloudfunctions.net/receiveMatchStats","satisfiesPzi":true},"stages":[{"name":"BUILD","message":"Reusing build","state":"COMPLETE","resource":"projects/847687663798/locations/us-central1/builds/81ce678b-47a3-4cc9-8bda-ab5f458a4940","stateMessages":[{"severity":"WARNING","type":"BuildAnalysisWarning","message":"Node.js 20 is no longer supported by the Node.js community as of 30 April, 2026. Runtime nodejs20 is currently deprecated for Cloud Functions. We recommend you to upgrade to the latest version of Node.js as soon as possible."}]},{"name":"SERVICE","message":"Updating Cloud Run service","state":"IN_PROGRESS","resource":"projects/synapse-cs/locations/us-central1/services/receivematchstats","resourceUri":"https://console.cloud.google.com/run/detail/us-central1/receivematchstats?project=synapse-cs","stateMessages":[{"severity":"INFO","type":"CloudRunServiceNewRevisionTrafficInfo","message":"A new revision will be deployed serving with 100% traffic."}]}],"sourceToken":"Cldwcm9qZWN0cy84NDc2ODc2NjM3OTgvbG9jYXRpb25zL3VzLWNlbnRyYWwxL2J1aWxkcy84MWNlNjc4Yi00N2EzLTRjYzktOGJkYS1hYjVmNDU4YTQ5NDASZHVzLWNlbnRyYWwxLWRvY2tlci5wa2cuZGV2L3N5bmFwc2UtY3MvZ2NmLWFydGlmYWN0cy9zeW5hcHNlLS1jc19fdXMtLWNlbnRyYWwxX19zdGVhbV9sb2dpbjp2ZXJzaW9uXzEYtoH98NUYIj5wcm9qZWN0cy9zeW5hcHNlLWNzL2xvY2F0aW9ucy91cy1jZW50cmFsMS9mdW5jdGlvbnMvc3RlYW1Mb2dpbioMCOOYx9EGEOic1LIBMghub2RlanMyMDp2CiNnY3IuaW8vZ2FlLXJ1bnRpbWVzL25vZGVqczIwOnN0YWJsZRJPdXMtY2VudHJhbDEtZG9ja2VyLnBrZy5kZXYvc2VydmVybGVzcy1ydW50aW1lcy9nb29nbGUtMjItZnVsbC9ydW50aW1lcy9ub2RlanMyMEAB","operationType":"UPDATE_FUNCTION","buildName":"projects/847687663798/locations/us-central1/builds/81ce678b-47a3-4cc9-8bda-ab5f458a4940"},"done":false}
[debug] [2026-06-16T22:21:50.455Z] Got source token Cldwcm9qZWN0cy84NDc2ODc2NjM3OTgvbG9jYXRpb25zL3VzLWNlbnRyYWwxL2J1aWxkcy84MWNlNjc4Yi00N2EzLTRjYzktOGJkYS1hYjVmNDU4YTQ5NDASZHVzLWNlbnRyYWwxLWRvY2tlci5wa2cuZGV2L3N5bmFwc2UtY3MvZ2NmLWFydGlmYWN0cy9zeW5hcHNlLS1jc19fdXMtLWNlbnRyYWwxX19zdGVhbV9sb2dpbjp2ZXJzaW9uXzEYtoH98NUYIj5wcm9qZWN0cy9zeW5hcHNlLWNzL2xvY2F0aW9ucy91cy1jZW50cmFsMS9mdW5jdGlvbnMvc3RlYW1Mb2dpbioMCOOYx9EGEOic1LIBMghub2RlanMyMDp2CiNnY3IuaW8vZ2FlLXJ1bnRpbWVzL25vZGVqczIwOnN0YWJsZRJPdXMtY2VudHJhbDEtZG9ja2VyLnBrZy5kZXYvc2VydmVybGVzcy1ydW50aW1lcy9nb29nbGUtMjItZnVsbC9ydW50aW1lcy9ub2RlanMyMEAB for region us-central1
[debug] [2026-06-16T22:22:00.456Z] [update-default-us-central1-receiveMatchStats] Retrying task index 0
[debug] [2026-06-16T22:22:00.456Z] Checked if tokens are valid: true, expires at: 1781649859103
[debug] [2026-06-16T22:22:00.456Z] Checked if tokens are valid: true, expires at: 1781649859103
[debug] [2026-06-16T22:22:00.456Z] >>> [apiv2][query] GET https://cloudfunctions.googleapis.com/v2/projects/synapse-cs/locations/us-central1/operations/operation-1781648488145-654665d402209-d017d83a-696998a3 [none]
[debug] [2026-06-16T22:22:01.449Z] <<< [apiv2][status] GET https://cloudfunctions.googleapis.com/v2/projects/synapse-cs/locations/us-central1/operations/operation-1781648488145-654665d402209-d017d83a-696998a3 200
[debug] [2026-06-16T22:22:01.449Z] <<< [apiv2][body] GET https://cloudfunctions.googleapis.com/v2/projects/synapse-cs/locations/us-central1/operations/operation-1781648488145-654665d402209-d017d83a-696998a3 {"name":"projects/synapse-cs/locations/us-central1/operations/operation-1781648488145-654665d402209-d017d83a-696998a3","metadata":{"@type":"type.googleapis.com/google.cloud.functions.v2.OperationMetadata","createTime":"2026-06-16T22:21:28.901644431Z","endTime":"2026-06-16T22:22:00.137949918Z","target":"projects/synapse-cs/locations/us-central1/functions/receiveMatchStats","verb":"update","cancelRequested":false,"apiVersion":"v2","requestResource":{"@type":"type.googleapis.com/google.cloud.functions.v2.Function","name":"projects/synapse-cs/locations/us-central1/functions/receiveMatchStats","buildConfig":{"runtime":"nodejs20","entryPoint":"receiveMatchStats","source":{"storageSource":{"bucket":"gcf-v2-sources-847687663798-us-central1","object":"receiveMatchStats/function-source.zip","generation":"1781648488820639"}},"environmentVariables":{"GOOGLE_NODE_RUN_SCRIPTS":""},"dockerRepository":"projects/synapse-cs/locations/us-central1/repositories/gcf-artifacts","sourceProvenance":{"resolvedStorageSource":{"bucket":"gcf-v2-sources-847687663798-us-central1","object":"receiveMatchStats/function-source.zip","generation":"1781647745197334"}},"dockerRegistry":"ARTIFACT_REGISTRY","sourceToken":"Cldwcm9qZWN0cy84NDc2ODc2NjM3OTgvbG9jYXRpb25zL3VzLWNlbnRyYWwxL2J1aWxkcy84MWNlNjc4Yi00N2EzLTRjYzktOGJkYS1hYjVmNDU4YTQ5NDASZHVzLWNlbnRyYWwxLWRvY2tlci5wa2cuZGV2L3N5bmFwc2UtY3MvZ2NmLWFydGlmYWN0cy9zeW5hcHNlLS1jc19fdXMtLWNlbnRyYWwxX19zdGVhbV9sb2dpbjp2ZXJzaW9uXzEYtoH98NUYIj5wcm9qZWN0cy9zeW5hcHNlLWNzL2xvY2F0aW9ucy91cy1jZW50cmFsMS9mdW5jdGlvbnMvc3RlYW1Mb2dpbioMCOOYx9EGEOic1LIBMghub2RlanMyMDp2CiNnY3IuaW8vZ2FlLXJ1bnRpbWVzL25vZGVqczIwOnN0YWJsZRJPdXMtY2VudHJhbDEtZG9ja2VyLnBrZy5kZXYvc2VydmVybGVzcy1ydW50aW1lcy9nb29nbGUtMjItZnVsbC9ydW50aW1lcy9ub2RlanMyMEAB","serviceAccount":"projects/synapse-cs/serviceAccounts/847687663798-compute@developer.gserviceaccount.com","automaticUpdatePolicy":{}},"serviceConfig":{"service":"projects/synapse-cs/locations/us-central1/services/receivematchstats","timeoutSeconds":60,"environmentVariables":{"FIREBASE_CONFIG":"{\"projectId\":\"synapse-cs\",\"storageBucket\":\"synapse-cs.firebasestorage.app\"}","GCLOUD_PROJECT":"synapse-cs","EVENTARC_CLOUD_EVENT_SOURCE":"projects/synapse-cs/locations/us-central1/services/receiveMatchStats","FUNCTION_TARGET":"receiveMatchStats","LOG_EXECUTION_ID":"true","FUNCTION_SIGNATURE_TYPE":"http"},"ingressSettings":"ALLOW_ALL","uri":"https://receivematchstats-bx52x5erya-uc.a.run.app","serviceAccountEmail":"847687663798-compute@developer.gserviceaccount.com","availableMemory":"256Mi","allTrafficOnLatestRevision":true,"secretEnvironmentVariables":[{"key":"SYNAPSE_SERVER_SECRET","projectId":"synapse-cs","secret":"SYNAPSE_SERVER_SECRET","version":"1"}],"revision":"receivematchstats-00002-rub","maxInstanceRequestConcurrency":80,"availableCpu":"1"},"state":"ACTIVE","labels":{"deployment-tool":"cli-firebase","firebase-functions-hash":"4605589e9225acf233f5a4308be3571620d88fea"},"environment":"GEN_2","url":"https://us-central1-synapse-cs.cloudfunctions.net/receiveMatchStats","satisfiesPzi":true},"stages":[{"name":"BUILD","message":"Reusing build","state":"COMPLETE","resource":"projects/847687663798/locations/us-central1/builds/81ce678b-47a3-4cc9-8bda-ab5f458a4940","stateMessages":[{"severity":"WARNING","type":"BuildAnalysisWarning","message":"Node.js 20 is no longer supported by the Node.js community as of 30 April, 2026. Runtime nodejs20 is currently deprecated for Cloud Functions. We recommend you to upgrade to the latest version of Node.js as soon as possible."}]},{"name":"SERVICE","message":"Updating Cloud Run service","state":"COMPLETE","resource":"projects/synapse-cs/locations/us-central1/services/receivematchstats","resourceUri":"https://console.cloud.google.com/run/detail/us-central1/receivematchstats?project=synapse-cs","stateMessages":[{"severity":"INFO","type":"CloudRunServiceNewRevisionTrafficInfo","message":"A new revision will be deployed serving with 100% traffic."}]}],"sourceToken":"Cldwcm9qZWN0cy84NDc2ODc2NjM3OTgvbG9jYXRpb25zL3VzLWNlbnRyYWwxL2J1aWxkcy84MWNlNjc4Yi00N2EzLTRjYzktOGJkYS1hYjVmNDU4YTQ5NDASZHVzLWNlbnRyYWwxLWRvY2tlci5wa2cuZGV2L3N5bmFwc2UtY3MvZ2NmLWFydGlmYWN0cy9zeW5hcHNlLS1jc19fdXMtLWNlbnRyYWwxX19zdGVhbV9sb2dpbjp2ZXJzaW9uXzEYtoH98NUYIj5wcm9qZWN0cy9zeW5hcHNlLWNzL2xvY2F0aW9ucy91cy1jZW50cmFsMS9mdW5jdGlvbnMvc3RlYW1Mb2dpbioMCOOYx9EGEOic1LIBMghub2RlanMyMDp2CiNnY3IuaW8vZ2FlLXJ1bnRpbWVzL25vZGVqczIwOnN0YWJsZRJPdXMtY2VudHJhbDEtZG9ja2VyLnBrZy5kZXYvc2VydmVybGVzcy1ydW50aW1lcy9nb29nbGUtMjItZnVsbC9ydW50aW1lcy9ub2RlanMyMEAB","operationType":"UPDATE_FUNCTION","buildName":"projects/847687663798/locations/us-central1/builds/81ce678b-47a3-4cc9-8bda-ab5f458a4940"},"done":true,"response":{"@type":"type.googleapis.com/google.cloud.functions.v2.Function","name":"projects/synapse-cs/locations/us-central1/functions/receiveMatchStats","buildConfig":{"build":"projects/847687663798/locations/us-central1/builds/81ce678b-47a3-4cc9-8bda-ab5f458a4940","runtime":"nodejs20","entryPoint":"receiveMatchStats","source":{"storageSource":{"bucket":"gcf-v2-sources-847687663798-us-central1","object":"receiveMatchStats/function-source.zip","generation":"1781648488820639"}},"environmentVariables":{"GOOGLE_NODE_RUN_SCRIPTS":""},"dockerRepository":"projects/synapse-cs/locations/us-central1/repositories/gcf-artifacts","sourceProvenance":{"resolvedStorageSource":{"bucket":"gcf-v2-sources-847687663798-us-central1","object":"receiveMatchStats/function-source.zip","generation":"1781648488820639"}},"dockerRegistry":"ARTIFACT_REGISTRY","serviceAccount":"projects/synapse-cs/serviceAccounts/847687663798-compute@developer.gserviceaccount.com","automaticUpdatePolicy":{}},"serviceConfig":{"service":"projects/synapse-cs/locations/us-central1/services/receivematchstats","timeoutSeconds":60,"environmentVariables":{"FIREBASE_CONFIG":"{\"projectId\":\"synapse-cs\",\"storageBucket\":\"synapse-cs.firebasestorage.app\"}","GCLOUD_PROJECT":"synapse-cs","EVENTARC_CLOUD_EVENT_SOURCE":"projects/synapse-cs/locations/us-central1/services/receiveMatchStats","FUNCTION_TARGET":"receiveMatchStats","LOG_EXECUTION_ID":"true","FUNCTION_SIGNATURE_TYPE":"http"},"maxInstanceCount":20,"ingressSettings":"ALLOW_ALL","uri":"https://receivematchstats-bx52x5erya-uc.a.run.app","serviceAccountEmail":"847687663798-compute@developer.gserviceaccount.com","availableMemory":"256Mi","allTrafficOnLatestRevision":true,"secretEnvironmentVariables":[{"key":"SYNAPSE_SERVER_SECRET","projectId":"synapse-cs","secret":"SYNAPSE_SERVER_SECRET","version":"1"}],"revision":"receivematchstats-00003-lod","maxInstanceRequestConcurrency":80,"availableCpu":"1"},"state":"ACTIVE","updateTime":"2026-06-16T22:21:28.904356271Z","labels":{"deployment-tool":"cli-firebase","firebase-functions-hash":"4605589e9225acf233f5a4308be3571620d88fea"},"environment":"GEN_2","url":"https://us-central1-synapse-cs.cloudfunctions.net/receiveMatchStats","createTime":"2026-06-16T22:04:06.595615293Z","satisfiesPzi":true}}
[debug] [2026-06-16T22:22:01.449Z] Got source token Cldwcm9qZWN0cy84NDc2ODc2NjM3OTgvbG9jYXRpb25zL3VzLWNlbnRyYWwxL2J1aWxkcy84MWNlNjc4Yi00N2EzLTRjYzktOGJkYS1hYjVmNDU4YTQ5NDASZHVzLWNlbnRyYWwxLWRvY2tlci5wa2cuZGV2L3N5bmFwc2UtY3MvZ2NmLWFydGlmYWN0cy9zeW5hcHNlLS1jc19fdXMtLWNlbnRyYWwxX19zdGVhbV9sb2dpbjp2ZXJzaW9uXzEYtoH98NUYIj5wcm9qZWN0cy9zeW5hcHNlLWNzL2xvY2F0aW9ucy91cy1jZW50cmFsMS9mdW5jdGlvbnMvc3RlYW1Mb2dpbioMCOOYx9EGEOic1LIBMghub2RlanMyMDp2CiNnY3IuaW8vZ2FlLXJ1bnRpbWVzL25vZGVqczIwOnN0YWJsZRJPdXMtY2VudHJhbDEtZG9ja2VyLnBrZy5kZXYvc2VydmVybGVzcy1ydW50aW1lcy9nb29nbGUtMjItZnVsbC9ydW50aW1lcy9ub2RlanMyMEAB for region us-central1
[info] +  functions[receiveMatchStats(us-central1)] Successful update operation. 
[debug] [2026-06-16T22:22:01.458Z] Total Function Deployment time: 79853
[debug] [2026-06-16T22:22:01.458Z] 7 Functions Deployed
[debug] [2026-06-16T22:22:01.458Z] 1 Functions Errored
[debug] [2026-06-16T22:22:01.458Z] 0 Function Deployments Aborted
[debug] [2026-06-16T22:22:01.458Z] Average Function Deployment time: 52557.57142857143
[info] 
[info] Functions deploy had errors with the following functions:
	rebuildLeaderboard(us-central1)
[info] Function URL (steamLogin(us-central1)): https://steamlogin-bx52x5erya-uc.a.run.app
[info] Function URL (faceitStats(us-central1)): https://faceitstats-bx52x5erya-uc.a.run.app
[info] Function URL (faceitHistory(us-central1)): https://faceithistory-bx52x5erya-uc.a.run.app
[info] Function URL (syncLevels(us-central1)): https://synclevels-bx52x5erya-uc.a.run.app
[info] Function URL (receiveMatchStats(us-central1)): https://receivematchstats-bx52x5erya-uc.a.run.app
[info] Function URL (updateMixScore(us-central1)): https://updatemixscore-bx52x5erya-uc.a.run.app
[debug] [2026-06-16T22:22:01.585Z] Checked if tokens are valid: true, expires at: 1781649859103
[debug] [2026-06-16T22:22:01.585Z] Checked if tokens are valid: true, expires at: 1781649859103
[debug] [2026-06-16T22:22:01.585Z] >>> [apiv2][query] GET https://artifactregistry.googleapis.com/v1/projects/synapse-cs/locations/us-central1/repositories/gcf-artifacts [none]
[debug] [2026-06-16T22:22:02.693Z] <<< [apiv2][status] GET https://artifactregistry.googleapis.com/v1/projects/synapse-cs/locations/us-central1/repositories/gcf-artifacts 200
[debug] [2026-06-16T22:22:02.693Z] <<< [apiv2][body] GET https://artifactregistry.googleapis.com/v1/projects/synapse-cs/locations/us-central1/repositories/gcf-artifacts {"name":"projects/synapse-cs/locations/us-central1/repositories/gcf-artifacts","format":"DOCKER","description":"This repository is created and used by Cloud Functions for storing function docker images.","labels":{"goog-managed-by":"cloudfunctions"},"createTime":"2026-06-16T22:03:22.527252Z","updateTime":"2026-06-16T22:21:18.406116Z","mode":"STANDARD_REPOSITORY","cleanupPolicies":{"firebase-functions-cleanup":{"id":"firebase-functions-cleanup","action":"DELETE","condition":{"tagState":"ANY","olderThan":"86400s"}}},"sizeBytes":"138561776","vulnerabilityScanningConfig":{"lastEnableTime":"2026-06-16T22:03:11.746266211Z","enablementState":"SCANNING_DISABLED","enablementStateReason":"API containerscanning.googleapis.com is not enabled."},"satisfiesPzi":true,"registryUri":"us-central1-docker.pkg.dev/synapse-cs/gcf-artifacts"}
[debug] [2026-06-16T22:22:02.694Z] Functions deploy failed.
[debug] [2026-06-16T22:22:02.694Z] {
  "endpoint": {
    "platform": "gcfv1",
    "id": "rebuildLeaderboard",
    "project": "synapse-cs",
    "region": "us-central1",
    "scheduleTrigger": {},
    "entryPoint": "rebuildLeaderboard",
    "runtime": "nodejs20",
    "maxInstances": 3000,
    "ingressSettings": "ALLOW_ALL",
    "labels": {
      "deployment-tool": "cli-firebase",
      "deployment-scheduled": "true",
      "firebase-functions-hash": "e33ee1c31b0bfa33213dfbd040dcb1f0ebf6115a"
    },
    "environmentVariables": {
      "FIREBASE_CONFIG": "{\"projectId\":\"synapse-cs\",\"storageBucket\":\"synapse-cs.firebasestorage.app\"}",
      "GCLOUD_PROJECT": "synapse-cs",
      "EVENTARC_CLOUD_EVENT_SOURCE": "projects/synapse-cs/locations/us-central1/functions/rebuildLeaderboard"
    },
    "sourceUploadUrl": "https://storage.googleapis.com/uploads-7590106876.us-central1.cloudfunctions.appspot.com/60724d05-3e9e-4b5c-8f07-d668506ae010.zip",
    "serviceAccount": "synapse-cs@appspot.gserviceaccount.com",
    "availableMemoryMb": 256,
    "timeoutSeconds": 60,
    "codebase": "default",
    "hash": "e33ee1c31b0bfa33213dfbd040dcb1f0ebf6115a",
    "state": "FAILED"
  },
  "op": "delete schedule",
  "original": {
    "name": "FirebaseError",
    "children": [],
    "context": {
      "body": {
        "error": {
          "code": 404,
          "message": "Job not found.",
          "status": "NOT_FOUND"
        }
      },
      "response": {
        "statusCode": 404
      }
    },
    "exit": 1,
    "message": "Request to https://cloudscheduler.googleapis.com/v1/projects/synapse-cs/locations/us-central1/jobs/firebase-schedule-rebuildLeaderboard-us-central1 had HTTP Error: 404, Job not found.",
    "status": 404,
    "code": 404
  }
}
[debug] [2026-06-16T22:22:02.757Z] Error: Failed to delete schedule function rebuildLeaderboard in region us-central1
    at C:\Users\João Damas\AppData\Roaming\npm\node_modules\firebase-tools\lib\deploy\functions\release\fabricator.js:54:11
    at process.processTicksAndRejections (node:internal/process/task_queues:103:5)
    at async Fabricator.deleteScheduleV1 (C:\Users\João Damas\AppData\Roaming\npm\node_modules\firebase-tools\lib\deploy\functions\release\fabricator.js:691:9)
    at async Fabricator.deleteTrigger (C:\Users\João Damas\AppData\Roaming\npm\node_modules\firebase-tools\lib\deploy\functions\release\fabricator.js:636:17)
    at async Fabricator.deleteEndpoint (C:\Users\João Damas\AppData\Roaming\npm\node_modules\firebase-tools\lib\deploy\functions\release\fabricator.js:171:9)
    at async handle (C:\Users\João Damas\AppData\Roaming\npm\node_modules\firebase-tools\lib\deploy\functions\release\fabricator.js:91:17)
[error] 
[error] Error: There was an error deploying functions
